-- MySQL dump 10.13  Distrib 5.7.21, for Linux (x86_64)
--
-- Host: localhost    Database: sgctpitic
-- ------------------------------------------------------
-- Server version	5.7.21

/*!40101 SET @OLD_CHARACTER_SET_CLIENT=@@CHARACTER_SET_CLIENT */;
/*!40101 SET @OLD_CHARACTER_SET_RESULTS=@@CHARACTER_SET_RESULTS */;
/*!40101 SET @OLD_COLLATION_CONNECTION=@@COLLATION_CONNECTION */;
/*!40101 SET NAMES utf8 */;
/*!40103 SET @OLD_TIME_ZONE=@@TIME_ZONE */;
/*!40103 SET TIME_ZONE='+00:00' */;
/*!40014 SET @OLD_UNIQUE_CHECKS=@@UNIQUE_CHECKS, UNIQUE_CHECKS=0 */;
/*!40014 SET @OLD_FOREIGN_KEY_CHECKS=@@FOREIGN_KEY_CHECKS, FOREIGN_KEY_CHECKS=0 */;
/*!40101 SET @OLD_SQL_MODE=@@SQL_MODE, SQL_MODE='NO_AUTO_VALUE_ON_ZERO' */;
/*!40111 SET @OLD_SQL_NOTES=@@SQL_NOTES, SQL_NOTES=0 */;

--
-- Table structure for table `borradores`
--

DROP TABLE IF EXISTS `borradores`;
/*!40101 SET @saved_cs_client     = @@character_set_client */;
/*!40101 SET character_set_client = utf8 */;
CREATE TABLE `borradores` (
  `id_borrador` int(255) NOT NULL AUTO_INCREMENT,
  `id_usuario` tinyint(5) NOT NULL,
  `id_documento` int(50) NOT NULL,
  `archivo_borrador` varchar(100) NOT NULL,
  `fecha` date NOT NULL,
  PRIMARY KEY (`id_borrador`),
  KEY `id_usuario` (`id_usuario`),
  KEY `id_documento` (`id_documento`),
  CONSTRAINT `fk_documento_borradores` FOREIGN KEY (`id_documento`) REFERENCES `documentos` (`id_documento`) ON UPDATE CASCADE,
  CONSTRAINT `fk_usuario_borradores` FOREIGN KEY (`id_usuario`) REFERENCES `usuarios` (`id_usuario`) ON UPDATE CASCADE
) ENGINE=InnoDB DEFAULT CHARSET=latin1;
/*!40101 SET character_set_client = @saved_cs_client */;

--
-- Dumping data for table `borradores`
--

LOCK TABLES `borradores` WRITE;
/*!40000 ALTER TABLE `borradores` DISABLE KEYS */;
/*!40000 ALTER TABLE `borradores` ENABLE KEYS */;
UNLOCK TABLES;

--
-- Table structure for table `cat_permisos`
--

DROP TABLE IF EXISTS `cat_permisos`;
/*!40101 SET @saved_cs_client     = @@character_set_client */;
/*!40101 SET character_set_client = utf8 */;
CREATE TABLE `cat_permisos` (
  `clave_permiso` char(1) NOT NULL,
  `titulo_permiso` varchar(50) NOT NULL,
  `descripcion_permiso` varchar(255) NOT NULL,
  `id_permiso` int(11) NOT NULL AUTO_INCREMENT,
  PRIMARY KEY (`id_permiso`),
  UNIQUE KEY `clave_permiso` (`clave_permiso`),
  KEY `clave_permiso_2` (`clave_permiso`)
) ENGINE=InnoDB AUTO_INCREMENT=4 DEFAULT CHARSET=latin1;
/*!40101 SET character_set_client = @saved_cs_client */;

--
-- Dumping data for table `cat_permisos`
--

LOCK TABLES `cat_permisos` WRITE;
/*!40000 ALTER TABLE `cat_permisos` DISABLE KEYS */;
INSERT INTO `cat_permisos` VALUES ('R','Limitado','Esta limitado a solo lectura, puede crear borradores. pero no hacer checkout',1),('W','Estandar','Puede subir borradores, hacer checkouts, modificar documentos pero no eliminar.',2),('A','Administrador','Puede gestionar documentos y usuarios sin restricciones',3);
/*!40000 ALTER TABLE `cat_permisos` ENABLE KEYS */;
UNLOCK TABLES;

--
-- Table structure for table `docs_externos`
--

DROP TABLE IF EXISTS `docs_externos`;
/*!40101 SET @saved_cs_client     = @@character_set_client */;
/*!40101 SET character_set_client = utf8 */;
CREATE TABLE `docs_externos` (
  `id_doc_externo` int(10) unsigned NOT NULL AUTO_INCREMENT,
  `nombre_documento` varchar(100) NOT NULL,
  `fecha_captura` datetime NOT NULL,
  `archivo` varchar(45) NOT NULL,
  `vista_archivo` varchar(45) NOT NULL,
  `activo` tinyint(3) unsigned NOT NULL,
  PRIMARY KEY (`id_doc_externo`)
) ENGINE=InnoDB AUTO_INCREMENT=2 DEFAULT CHARSET=latin1 COMMENT='tabla para documentos externos al sistema de gestion de cali';
/*!40101 SET character_set_client = @saved_cs_client */;

--
-- Dumping data for table `docs_externos`
--

LOCK TABLES `docs_externos` WRITE;
/*!40000 ALTER TABLE `docs_externos` DISABLE KEYS */;
INSERT INTO `docs_externos` VALUES (1,'LINEAMIENTOS PARA ALSEA Y VIPS NORSON','2016-08-24 17:50:18','1_LINEAMIENTOS_PARA_ALSEA_Y_VIPS_NORSON.pdf','1_LINEAMIENTOS_PARA_ALSEA_Y_VIPS_NORSON.pdf',1);
/*!40000 ALTER TABLE `docs_externos` ENABLE KEYS */;
UNLOCK TABLES;

--
-- Table structure for table `documentos`
--

DROP TABLE IF EXISTS `documentos`;
/*!40101 SET @saved_cs_client     = @@character_set_client */;
/*!40101 SET character_set_client = utf8 */;
CREATE TABLE `documentos` (
  `id_documento` int(6) NOT NULL AUTO_INCREMENT,
  `nombre_documento` varchar(255) NOT NULL,
  `id_calidad` varchar(15) NOT NULL,
  `revision` int(3) NOT NULL,
  `subrevision` tinyint(5) NOT NULL,
  `fecha_revision` date NOT NULL,
  `doc_que_lo_genera` varchar(255) DEFAULT NULL,
  `tiempo_retencion_uni` tinyint(5) DEFAULT NULL,
  `tiempo_retencion_desc` varchar(20) DEFAULT NULL,
  `fecha_creacion` datetime NOT NULL,
  `id_metodo_comp` tinyint(4) DEFAULT NULL,
  `responsable` tinyint(5) NOT NULL,
  `id_tipo` tinyint(4) NOT NULL,
  `archivo` varchar(100) DEFAULT NULL,
  `vista_archivo` varchar(100) NOT NULL,
  `activo` tinyint(1) NOT NULL,
  `se_almacena_en` varchar(100) DEFAULT NULL,
  `proc_norma` tinyint(4) NOT NULL,
  PRIMARY KEY (`id_documento`),
  UNIQUE KEY `nombre_documento` (`nombre_documento`),
  UNIQUE KEY `id_calidad` (`id_calidad`),
  KEY `fk_responsable_id_puesto` (`responsable`),
  KEY `id_metodo_comp` (`id_metodo_comp`),
  KEY `tipo` (`id_tipo`),
  KEY `id_tipo` (`id_tipo`),
  CONSTRAINT `fk_metodo_compilacion` FOREIGN KEY (`id_metodo_comp`) REFERENCES `metodos_compilacion` (`id_metodo_comp`) ON UPDATE CASCADE,
  CONSTRAINT `fk_responsable_id_puesto` FOREIGN KEY (`responsable`) REFERENCES `puestos` (`id_puesto`) ON UPDATE CASCADE,
  CONSTRAINT `fk_tipoDocumento` FOREIGN KEY (`id_tipo`) REFERENCES `tipo_documento` (`id_tipo`) ON UPDATE CASCADE
) ENGINE=InnoDB AUTO_INCREMENT=279 DEFAULT CHARSET=latin1;
/*!40101 SET character_set_client = @saved_cs_client */;

--
-- Dumping data for table `documentos`
--

LOCK TABLES `documentos` WRITE;
/*!40000 ALTER TABLE `documentos` DISABLE KEYS */;
INSERT INTO `documentos` VALUES (1,'MATRIZ DE CARPETAS ELECTRONICAS','DT-CAL-ISO13-R',11,0,'2015-08-01','2',6,'mes(es)','2016-04-16 12:04:42',7,1,9,'DT-CAL-ISO13-R.xlsx','DT-CAL-ISO13-R.pdf',1,'Carpetas y/o archivo electronico',0),(2,'MANUAL DE CALIDAD','DT-CAL-M1',16,0,'2017-10-10','',0,'dia(s)','2016-04-18 12:04:45',2,1,4,'DT-CAL-M1.docx','DT-CAL-M1.pdf',1,NULL,0),(3,'PROCESO GRAL DE TRANSPORTACION Y PROCEDIMIENTOS OPERATIVOS QUE SE UTILIZAN','DT-CAL-MOD1',5,0,'2005-11-01','',0,'dia(s)','2016-04-18 12:04:03',2,1,4,'DT-CAL-MOD1.ppt','DT-CAL-MOD1.pdf',1,NULL,0),(4,'ORGANIGRAMA CAMION COMPLETO','DT-SOP-ORG1',15,0,'2015-09-01','',0,'dia(s)','2016-04-18 12:04:26',2,1,4,'DT-SOP-ORG1.ppt','DT-SOP-ORG1.pdf',1,NULL,0),(5,'INSTRUCCION PARA EL CONTROL DE DOCUMENTOS EXTERNOS','DT-CAL-INS1',3,0,'2005-11-01','',0,'dia(s)','2016-04-18 12:04:00',2,1,4,'DT-CAL-INS1.doc','DT-CAL-INS1.pdf',1,NULL,1),(6,'PROCEDIMIENTO PARA AUDITORIAS INTERNAS DE CALIDAD','DT-CAL-PROC4',5,0,'2006-01-01','',0,'dia(s)','2016-04-18 12:04:10',2,1,4,'DT-CAL-PROC4.doc','DT-CAL-PROC4.pdf',1,NULL,0),(7,'MAPEO DE PROCESOS DE TRANSPORTACION','DT-CAL-MOD2',0,0,'2009-11-01','',0,'dia(s)','2016-04-18 13:04:43',2,1,4,'DT-CAL-MOD2.ppt','DT-CAL-MOD2.pdf',1,NULL,0),(8,'PROCEDIMIENTO PARA EL CONTROL DE DOCUMENTOS','DT-CAL-PROC1',9,0,'2017-12-09','',0,'dia(s)','2016-04-18 16:04:45',6,1,4,'DT-CAL-PROC1.docx','DT-CAL-PROC1.pdf',1,NULL,1),(9,'PROCEDIMIENTO PARA ACCIONES CORRECTIVAS','DT-CAL-PROC5',3,0,'2005-08-01','',0,'dia(s)','2016-04-18 16:04:40',2,1,4,'DT-CAL-PROC5.doc','DT-CAL-PROC5.pdf',1,NULL,0),(10,'PROCEDIMIENTO PARA ACCIONES PREVENTIVAS','DT-CAL-PROC6',3,0,'2005-08-01','',0,'dia(s)','2016-04-18 16:04:45',2,1,1,'DT-CAL-PROC6.doc','DT-CAL-PROC6.pdf',1,NULL,0),(11,'PROCEDIMIENTO PARA LA EVALUACION DE PROVEEDORES','DT-SOP-PROC8',4,0,'2015-09-25','',0,'dia(s)','2016-04-18 16:04:37',2,1,1,'DT-SOP-PROC8.doc','DT-SOP-PROC8.pdf',1,NULL,0),(12,'PROCEDIMIENTO PARA MEDIR LA SATISFACCION DEL CLIENTE','DT-CAL-PROC10',7,1,'2017-07-14','',0,'dia(s)','2016-04-18 16:04:06',2,1,1,'DT-CAL-PROC10.docx','DT-CAL-PROC10.pdf',1,NULL,1),(13,'PROCEDIMIENTO PARA LA MEJORA CONTINUA','DT-CAL-PROC11',5,0,'2018-03-23','',0,'dia(s)','2016-04-18 16:04:55',6,1,1,'DT-CAL-PROC11.docx','DT-CAL-PROC11.pdf',1,NULL,0),(14,'PROCEDIMIENTO PARA REVISION DEL SISTEMA POR LA DIRECCION','DT-CAL-PROC12',6,0,'2004-10-01','',0,'dia(s)','2016-04-18 16:04:07',2,1,1,'DT-CAL-PROC12.doc','DT-CAL-PROC12.pdf',1,NULL,1),(15,'PROCEDIMIENTO PARA LA ATENCION DE SOLICITUDES DE SERVICIO','DT-OP-PROC13',6,0,'2008-11-01','',0,'dia(s)','2016-04-18 16:04:30',2,1,1,'DT-CAL-PROC13.doc','DT-OP-PROC13.pdf',1,NULL,1),(16,'PROCEDIMIENTO PARA CONTROL DE REGISTROS DE CALIDAD','DT-CAL-PROC2',6,0,'2016-08-12','',0,'dia(s)','2016-04-18 16:04:55',2,1,1,'DT-CAL-PROC2.docx','DT-CAL-PROC2.pdf',1,NULL,1),(17,'PROCEDIMIENTO DE TRANSPORTACION','DT-OP-PROC14',6,0,'2005-11-01','',0,'dia(s)','2016-04-18 16:04:56',2,1,1,'DT-OP-PROC14.ppt','DT-OP-PROC14.pdf',1,NULL,0),(18,'PROCEDIMIENTO PARA EL MONITOREO DE VIAJES','DT-OP-PROC15',9,0,'2016-03-01','',0,'dia(s)','2016-04-18 16:04:15',2,1,1,'DT-OP-PROC15.doc','DT-OP-PROC15.pdf',1,NULL,0),(19,'INSTRUCCION PARA EL DEPOSITO DE VIATICOS A OPERADORES','DT-OP-INS2',5,0,'2005-08-01','',0,'dia(s)','2016-04-18 16:04:57',2,1,2,'DT-OP-INS2.doc','DT-OP-INS2.pdf',1,NULL,0),(20,'INSTRUCCION SOAL PARA DESPACHO DE VIAJES Y ASIGNACION DE TRACTOS','DT-OP-INS3',3,0,'2017-12-06','',0,'dia(s)','2016-04-18 16:04:19',6,1,2,'DT-OP-INS3.docx','DT-OP-INS3.pdf',1,NULL,0),(21,'INSTRUCCION PARA EL MANEJO DEL SISTEMA QTRACS','DT-OP-INS4',3,0,'2005-10-01','',0,'dia(s)','2016-04-18 16:04:36',2,1,2,'DT-OP-INS4.doc','DT-OP-INS4.pdf',1,NULL,0),(22,'PROCEDIMIENTO PARA LA ELABORACION DE GUIAS','DT-OP-PROC17',2,0,'2005-11-01','',0,'dia(s)','2016-04-18 16:04:22',2,1,1,'DT-OP-PROC17.doc','DT-OP-PROC17.pdf',1,NULL,0),(23,'INSTRUCCION PARA LA ASIGNACION DE TURNOS DE VIAJES','DT-OP-INS5',16,0,'2018-01-30','',0,'dia(s)','2016-04-18 16:04:18',6,6,2,'DT-OP-INS5.docx','DT-OP-INS5.pdf',1,NULL,0),(24,'PROCEDIMIENTO PARA EL MANEJO DE CONTINGENCIAS','DT-OP-PROC18',8,0,'2006-05-01','',0,'dia(s)','2016-04-18 16:04:22',2,1,1,'DT-OP-PROC18.doc','DT-OP-PROC18.pdf',1,NULL,1),(25,'PROCEDIMIENTO PARA EL DISEÑO Y DESARROLLO','DT-OP-PROC19',8,0,'2005-11-01','',0,'dia(s)','2016-04-18 16:04:24',2,1,1,'DT-OP-PROC19.doc','DT-OP-PROC19.pdf',1,NULL,1),(26,'PROCEDIMIENTO PARA ATENCION DE QUEJAS DE CLIENTES','DT-CAL-PROC20',8,0,'2016-03-01','',0,'dia(s)','2016-04-18 16:04:09',2,1,1,'DT-CAL-PROC20.docx','DT-CAL-PROC20.pdf',1,NULL,1),(27,'PROCEDIMIENTO PARA HACER PROCEDIMIENTOS','DT-CAL-PROC22',1,0,'2005-09-01','',0,'dia(s)','2016-04-18 17:04:08',2,1,1,'DT-OP-PROC22.doc','DT-CAL-PROC22.pdf',1,NULL,1),(28,'INSTRUCCION PARA CAPACITACION DE OPERADORES','DT-SOP-INS6',4,0,'2010-07-01','',0,'dia(s)','2016-04-18 17:04:43',2,1,2,'DT-SOP-INS6.doc','DT-SOP-INS6.pdf',1,NULL,0),(29,'INSTRUCCION PARA REGISTRO DE STATUS DE TRACTOS','DT-OP-INS7',2,0,'2016-03-01','',0,'dia(s)','2016-04-18 17:04:12',2,1,2,'DT-OP-INS7.docx','DT-OP-INS7.pdf',1,NULL,0),(30,'PROCEDIMIENTO DE EQUIPO DEDICADO (Generalidades)','DT-OP-PROC25',5,0,'2009-11-01','',0,'dia(s)','2016-04-18 17:04:20',2,1,1,'DT-OP-PROC25.ppt','DT-OP-PROC25.pdf',1,NULL,0),(31,'PROCEDIMIENTO PARA FALLAS MECANICAS EN CARRETERA','DT-OP-PROC26',1,0,'0000-00-00','',0,'dia(s)','2016-04-18 17:04:47',2,1,1,'DT-OP-PROC26.ppt','DT-OP-PROC26.pdf',1,NULL,0),(32,'PROCEDIMIENTO PARA EVALUAR AREAS DE SOPORTE','DT-CAL-PROC27',2,0,'2006-04-01','',0,'dia(s)','2016-04-18 17:04:53',2,1,1,'DT-CAL-PROC27.doc','DT-CAL-PROC27.pdf',1,NULL,1),(33,'PROCEDIMIENTO PARA LIQUIDACIONES','DT-OP-PROC28',9,0,'2015-09-01','',0,'dia(s)','2016-04-18 17:04:10',2,1,1,'DT-OP-PROC28.pptx','DT-OP-PROC28.pdf',1,NULL,1),(34,'PROCEDIMIENTO PARA LIQUIDACION DE GASTOS AUTORIZADOS','DT-OP-PROC30',1,0,'0000-00-00','',0,'dia(s)','2016-04-18 17:04:57',2,1,1,'DT-OP-PROC30.ppt','DT-OP-PROC30.pdf',1,NULL,0),(35,'PROCEDIMIENTO ASALTOS','DT-OP-PROC31',1,0,'0000-00-00','',0,'dia(s)','2016-04-18 17:04:33',2,1,1,'DT-OP-PROC31.ppt','DT-OP-PROC31.pdf',1,NULL,0),(36,'PROCEDIMIENTO DE ASCENSOS, CAMBIO DE FLOTILLA Y CAMBIO DE MANOS','DT-SOP-PROC32',8,0,'2018-01-11','',0,'dia(s)','2016-04-18 17:04:00',6,7,1,'DT-SOP-PROC32.docx','DT-SOP-PROC32.pdf',1,NULL,0),(37,'PROCEDIMIENTO PARA MANTENIMIENTO PREVENTIVO DE REMOLQUES','DT-SOP-PROC33',0,0,'0000-00-00','',0,'dia(s)','2016-04-18 17:04:30',2,14,1,'DT-SOP-PROC33.ppt','DT-SOP-PROC33.pdf',1,NULL,1),(38,'PROCEDIMIENTO PARA MANTENIMIENTO PREVENTIVO DE TRACTOS','DT-SOP-PROC34',0,0,'0000-00-00','',0,'dia(s)','2016-04-18 17:04:22',2,1,1,'DT-SOP-PROC34.ppt','DT-SOP-PROC34.pdf',1,NULL,1),(39,'PROCEDIIMENTO DE PRUEBAS PARA AUMENTO RENDIMIENTO','DT-SOP-PROC35',1,0,'0000-00-00','',0,'dia(s)','2016-04-18 17:04:53',2,1,1,'DT-SOP-PROC35.ppt','DT-SOP-PROC35.pdf',1,NULL,0),(40,'PROCEDIMIENTO PARA BOTON DE PANICO','DT-SOP-PROC36',1,0,'0000-00-00','',0,'dia(s)','2016-04-18 17:04:15',2,14,1,'DT-SOP-PROC36.ppt','DT-SOP-PROC36.pdf',1,NULL,0),(41,'PROCEDIMIENTO GUARDIA LOS DOMINGOS','DT-OP-PROC37',0,0,'2005-09-01','',0,'dia(s)','2016-04-18 17:04:45',2,1,1,'DT-OP-PROC37.ppt','DT-OP-PROC37.pdf',1,NULL,0),(42,'PROCEDIMIENTO PARA ASEGURAR LA RECUPERACION DE GUIAS DE EMBARQUES DE CAMION COMPLETO','DT-SOP-PROC38',0,0,'0000-00-00','',0,'dia(s)','2016-04-18 17:04:02',2,1,1,'DT-SOP-PROC38.ppt','DT-SOP-PROC38.pdf',1,NULL,0),(43,'PROCEDIMIENTO ENTREGA DE REMOLQUES RENTADOS','DT-SOP-PROC39',0,0,'0000-00-00','',0,'dia(s)','2016-04-18 17:04:20',2,1,1,'DT-SOP-PROC39.ppt','DT-SOP-PROC39.pdf',1,NULL,0),(44,'PROCEDIMIENTO PARA CONTROL DE CIRCUITOS','DT-SOP-PROC40',5,0,'2018-01-09','',0,'dia(s)','2016-04-18 17:04:37',2,1,1,'DT-SOP-PROC40.docx','DT-SOP-PROC40.pdf',1,NULL,0),(45,'PROCEDIMIENTO PARA CONTROL DE LLANTAS','DT-SOP-PROC41',0,0,'2005-10-01','',0,'dia(s)','2016-04-18 18:04:56',2,1,1,'DT-SOP-PROC41.ppt','DT-SOP-PROC41.pdf',1,NULL,0),(46,'PROCEDIMIENTO PARA METER TRACTOS AL TALLER','DT-SOP-PROC42',1,0,'2015-08-01','',0,'dia(s)','2016-04-18 18:04:04',2,8,1,'DT-SOP-PROC42.ppt','DT-SOP-PROC42.pdf',1,NULL,1),(47,'PROCEDIMIENTO PARA METER REMOLQUE AL TALLER','DT-SOP-PROC43',0,0,'2005-11-01','',0,'dia(s)','2016-04-18 18:04:06',2,8,1,'DT-SOP-PROC43.ppt','DT-SOP-PROC43.pdf',1,NULL,1),(48,'PROCEDIMIENTO CALCULO DE GASTOS DE MANTENIMIENTO','DT-SOP-PROC44',1,0,'2006-04-01','',0,'dia(s)','2016-04-18 18:04:10',2,8,1,'DT-SOP-PROC44.ppt','DT-SOP-PROC44.pdf',1,NULL,1),(49,'PROCEDIMIENTO PARA GUIAS PROBLEMA EN ADUANA','DT-SOP-PROC45',1,0,'2008-11-01','',0,'dia(s)','2016-04-18 18:04:21',2,1,1,'DT-SOP-PROC45.ppt','DT-SOP-PROC45.pdf',1,NULL,0),(50,'PROCEDIMIENTO PARA VIAJES CON FERRY','DT-SOP-PROC46',1,0,'2006-01-01','',0,'dia(s)','2016-04-18 18:04:14',2,1,1,'DT-SOP-PROC46.ppt','DT-SOP-PROC46.pdf',1,NULL,0),(51,'PROCEDIMIENTO PARA TRACTOS SIN ACTUALIZACION DE POSICION','DT-SOP-PROC47',0,0,'2006-04-01','',0,'dia(s)','2016-04-20 16:04:14',2,1,1,'DT-SOP-PROC47.ppt','DT-SOP-PROC47.pdf',1,NULL,0),(52,'PROCEDIMIENTO PARA PRUEBA DE THERMOS','DT-SOP-PROC48',0,0,'2006-04-01','',0,'dia(s)','2016-04-20 16:04:56',2,1,1,'DT-SOP-PROC48.ppt','DT-SOP-PROC48.pdf',1,NULL,0),(53,'PROCEDIMIENTO PARA CAMBIOS DE ANTENA','DT-SOP-PROC49',0,0,'2006-04-01','',0,'dia(s)','2016-04-20 16:04:40',2,1,1,'DT-SOP-PROC49.ppt','DT-SOP-PROC49.pdf',1,NULL,0),(54,'INSTRUCCION PARA RECIBIR REMOLQUES EN OFICINA','DT-SOP-PROC50',0,0,'2006-05-01','',0,'dia(s)','2016-04-20 16:04:55',2,1,1,'DT-SOP-PROC50.ppt','DT-SOP-PROC50.pdf',1,NULL,0),(55,'POLITICA DE CALIDAD','DT-CAL-POL1',0,0,'0000-00-00','',0,'dia(s)','2016-04-20 16:04:27',1,1,3,'DT-CAL-POL1.txt','DT-CAL-POL1.pdf',1,NULL,0),(56,'POLITICA DE ACCIDENTES','DT-SOP-POL2',5,0,'2017-10-07','',0,'dia(s)','2016-04-20 17:04:42',6,1,3,'DT-SOP-POL2.docx','DT-SOP-POL2.pdf',1,NULL,0),(57,'POLITICA DE CONDUCTA','DT-SOP-POL3',3,0,'2017-07-25','',0,'dia(s)','2016-04-20 17:04:10',6,1,3,'DT-SOP-POL3.docx','DT-SOP-POL3.pdf',1,NULL,0),(58,'POLITICAS DE VELOCIDAD','DT-SOP-POL4',4,0,'2017-07-25','',0,'dia(s)','2016-04-20 17:04:25',6,1,3,'DT-SOP-POL4.docx','DT-SOP-POL4.pdf',1,NULL,0),(59,'POLITICAS DIESEL','DT-SOP-POL5',5,0,'2018-01-30','',0,'dia(s)','2016-04-20 17:04:37',6,12,3,'DT-SOP-POL5.docx','DT-SOP-POL5.pdf',1,NULL,0),(60,'POLITICAS RENDIMIENTO DIESEL','DT-SOP-POL6',2,0,'2012-02-01','',0,'dia(s)','2016-04-20 17:04:14',2,12,3,'DT-SOP-POL6.pptx','DT-SOP-POL6.pdf',1,NULL,0),(61,'POLITICAS DE PAGOS A OPERADORES','DT-SOP-POL7',18,0,'2018-02-06','',0,'dia(s)','2016-04-20 17:04:58',6,1,3,'DT-SOP-POL7.docx','DT-SOP-POL7.pdf',1,NULL,0),(62,'POLITICA DE SEGURIDAD','DT-CAL-POL8',1,0,'2006-06-01','',0,'dia(s)','2016-04-20 17:04:12',2,1,3,'DT-CAL-POL8.txt','DT-CAL-POL8.pdf',1,NULL,0),(63,'REQUISITOS PARA LIQUIDAR','DT-SOP-POL9',3,0,'2015-08-01','',0,'dia(s)','2016-04-20 17:04:26',2,10,3,'DT-SOP-POL9.doc','DT-SOP-POL9.pdf',1,NULL,0),(64,'POLITICAS DE RECEPCION DE UNIDADES AL TALLER','DT-SOP-POL10',1,0,'0000-00-00','',0,'dia(s)','2016-04-20 17:04:16',2,8,3,'DT-SOP-POL10.doc','DT-SOP-POL10.pdf',1,NULL,0),(65,'POLITICA DE PESO MAXIMO DE CARGA EN REMOLQUES DE PAQUETERIA','DT-SOP-POL11',2,0,'0000-00-00','',0,'dia(s)','2016-04-20 17:04:33',2,9,3,'DT-SOP-POL11.docx','DT-SOP-POL11.pdf',1,NULL,0),(66,'POLITICA CANDADO EN REMOLQUES','DT-SOP-POL12',0,0,'0000-00-00','',0,'dia(s)','2016-04-20 17:04:14',2,1,3,'DT-SOP-POL12.doc','DT-SOP-POL12.pdf',1,NULL,0),(67,'POLITICA PERMISO A OPERADORES','DT-SOP-POL13',0,0,'0000-00-00','',0,'dia(s)','2016-04-20 17:04:31',2,7,3,'DT-SOP-POL13.doc','DT-SOP-POL13.pdf',0,NULL,0),(68,'POLITICA DE CAPACITACION','DT-SOP-POL14',0,0,'0000-00-00','',0,'dia(s)','2016-04-20 17:04:18',2,1,3,'DT-SOP-POL14.doc','DT-SOP-POL14.pdf',1,NULL,1),(69,'PLANIFICACION DE AUDITORIAS INTERNAS AL SISTEMA DE GESTION DE CALIDAD','DT-CAL-PLAN1',1,0,'0000-00-00','',0,'dia(s)','2016-04-20 17:04:43',2,1,6,'DT-CAL-PLAN1.doc','DT-CAL-PLAN1.pdf',1,NULL,0),(70,'PLANIFICACION DEL SISTEMA DE GESTION DE LA CALIDAD','DT-CAL-PLAN2',1,0,'0000-00-00','',0,'dia(s)','2016-04-20 17:04:56',2,1,6,'DT-CAL-PLAN2.doc','DT-CAL-PLAN2.pdf',1,NULL,0),(71,'PLANIFICACION DEL SEGUIMIENTO MEDICION ANALISIS Y MEJORA','DT-CAL-PLAN3',1,0,'0000-00-00','',0,'dia(s)','2016-04-20 17:04:57',2,1,6,'DT-CAL-PLAN3.doc','DT-CAL-PLAN3.pdf',1,NULL,0),(72,'PLANIFICACION DEL DISEÑO (Servicio dedicado)','DT-CAL-PLAN4',4,0,'0000-00-00','',0,'dia(s)','2016-04-20 17:04:57',2,1,6,'DT-CAL-PLAN4.xls','DT-CAL-PLAN4.pdf',1,NULL,1),(73,'PLANIFICACION DE LA REALIZACION DEL SERVICIO','DT-CAL-PLAN5',6,0,'2017-10-12','',0,'dia(s)','2016-04-20 17:04:23',2,1,6,'DT-CAL-PLAN5.xlsx','DT-CAL-PLAN5.pdf',1,NULL,1),(74,'HORARIO DE PERSONAL DE TRANSPORTE','DT-OP-TAB1',1,0,'0000-00-00','',0,'dia(s)','2016-04-20 17:04:28',2,1,3,'DT-OP-TAB1.xls','DT-OP-TAB1.pdf',1,NULL,0),(75,'TABLA DE OBJETIVOS DE CALIDAD','DT-CAL-TAB2',2,0,'2017-10-03','',0,'dia(s)','2016-04-20 17:04:41',2,1,3,'DT-CAL-TAB2.docx','DT-CAL-TAB2.pdf',1,NULL,0),(76,'ROL DE COMITES','DT-CAL-TAB3',2,0,'2016-08-10','',0,'dia(s)','2016-04-20 18:04:10',2,1,7,'DT-CAL-TAB3.doc','DT-CAL-TAB3.pdf',1,NULL,1),(77,'RECOMENDACIONES DE CARGA','DT-CAL-TAB4',3,0,'2018-01-11','',0,'dia(s)','2016-04-20 18:04:52',6,1,7,'DT-CAL-TAB4.docx','DT-CAL-TAB4.pdf',1,NULL,0),(78,'TIEMPOS Y KMS POR RUTA','DT-OP-TAB6',4,0,'0000-00-00','',0,'dia(s)','2016-04-20 18:04:58',2,1,7,'DT-OP-TAB6.xlsx','DT-OP-TAB6.pdf',1,NULL,0),(79,'PROGRAMA DE AUDITORIAS INTERNAS','DT-CAL-TAB7',3,0,'0000-00-00','',0,'dia(s)','2016-04-25 08:04:38',2,1,7,'DT-CAL-TAB7.xls','DT-CAL-TAB7.pdf',1,NULL,0),(80,'RELACION GASOLINERAS','DT-OP-TAB8',4,0,'2017-10-05','',0,'dia(s)','2016-04-25 08:04:19',6,12,7,'DT-OP-TAB8.docx','DT-OP-TAB8.pdf',1,NULL,1),(81,'TABLA DE INSTRUCCIONES ESPECIALES POR CLIENTE','DT-SOP-TAB9',0,0,'0000-00-00','',0,'dia(s)','2016-04-25 08:04:10',2,1,7,'DT-SOP-TAB9.doc','DT-SOP-TAB9.pdf',1,NULL,0),(82,'TABLA DE FIRMAS AUTORIZADAS PARA SALIDAS DE TRACTOS Y REMOLQUES','DT-SOP-TAB10',2,0,'2017-10-03','',0,'dia(s)','2016-04-25 08:04:23',2,1,7,'DT-SOP-TAB10.docx','DT-SOP-TAB10.pdf',1,NULL,0),(83,'DEFINICION DE MACROS','DT-OP-TAB11',1,0,'0000-00-00','',0,'dia(s)','2016-04-25 08:04:18',2,1,7,'DT-OP-TAB11.doc','DT-OP-TAB11.pdf',1,NULL,0),(84,'CLIENTES CUENTAS NACIONALES','DT-SOP-TAB13',3,0,'0000-00-00','',0,'dia(s)','2016-04-25 08:04:07',2,1,7,'DT-SOP-TAB13.xls','DT-SOP-TAB13.pdf',1,NULL,0),(85,'ACTIVIDADES DIARIAS JEFES DE FLOTILLA','DT-OP-TAB14',0,0,'0000-00-00','',0,'dia(s)','2016-04-25 08:04:07',2,7,7,'DT-OP-TAB14.xls','DT-OP-TAB14.pdf',1,NULL,0),(86,'INSTRUCCIONES PARA IMPRESION DE CROQUIS','DT-OP-TAB23',0,0,'0000-00-00','',0,'dia(s)','2016-04-25 08:04:14',2,1,7,'DT-OP-TAB23.doc','DT-OP-TAB23.pdf',1,NULL,0),(87,'INSTRUCCIONES CAJEME PRODUCTOS','DT-OP-TAB15',0,0,'0000-00-00','',0,'dia(s)','2016-04-25 08:04:18',2,1,7,'DT-OP-TAB15.doc','DT-OP-TAB15.pdf',1,NULL,0),(88,'INSTRUCCIONES RANCHO EL 17','DT-OP-TAB16',0,0,'0000-00-00','',0,'dia(s)','2016-04-25 08:04:49',2,1,7,'DT-OP-TAB16.doc','DT-OP-TAB16.pdf',1,NULL,0),(89,'TABLA DE INSTRUCCIONES ESPECIALES DE NOGALES','DT-OP-TAB24',1,0,'0000-00-00','',0,'dia(s)','2016-04-25 09:04:17',2,1,7,'DT-OP-TAB24.doc','DT-OP-TAB24.pdf',1,NULL,0),(90,'INSTRUCCIONES NORSON','DT-OP-TAB18',8,0,'2017-10-05','',0,'dia(s)','2016-04-25 09:04:32',6,6,7,'DT-OP-TAB18.docx','DT-OP-TAB18.pdf',1,NULL,0),(91,'INSTRUCCIONES SASA','DT-OP-TAB19',2,0,'0000-00-00','',0,'dia(s)','2016-04-25 09:04:02',2,6,7,'DT-OP-TAB19.doc','DT-OP-TAB19.pdf',1,NULL,0),(92,'INSTRUCCIONES KOWI','DT-OP-TAB20',1,0,'0000-00-00','',0,'dia(s)','2016-04-25 09:04:33',2,6,7,'DT-OP-TAB20.doc','DT-OP-TAB20.pdf',1,NULL,0),(93,'INSTRUCCIONES CARNES CARRANZA','DT-OP-TAB21',0,0,'0000-00-00','',0,'dia(s)','2016-04-25 09:04:02',2,6,7,'DT-OP-TAB21.doc','DT-OP-TAB21.pdf',1,NULL,0),(94,'INSTRUCCIONES VIAJES DE MANGO','DT-OP-TAB22',2,0,'0000-00-00','',0,'dia(s)','2016-04-25 09:04:31',2,6,7,'DT-OP-TAB22.docx','DT-OP-TAB22.pdf',1,NULL,0),(95,'INSTRUCCIONES MEXPRESS (GDL)','DT-OP-TAB25',0,0,'0000-00-00','',0,'dia(s)','2016-04-25 09:04:26',2,6,7,'DT-OP-TAB25.doc','DT-OP-TAB25.pdf',1,NULL,0),(96,'INSTRUCCIONES MEXPRESS (MEX)','DT-OP-TAB26',1,0,'0000-00-00','',0,'dia(s)','2016-04-25 09:04:15',2,6,7,'DT-OP-TAB26.doc','DT-OP-TAB26.pdf',1,NULL,0),(97,'INSTRUCCIONES NESTLE','DT-OP-TAB29',1,0,'0000-00-00','',0,'dia(s)','2016-04-25 09:04:55',2,6,7,'DT-OP-TAB29.doc','DT-OP-TAB29.pdf',1,NULL,0),(98,'INSTRUCCIONES PEDRO DOMECQ','DT-OP-TAB30',0,0,'0000-00-00','',0,'dia(s)','2016-04-25 09:04:53',2,6,7,'DT-OP-TAB30.doc','DT-OP-TAB30.pdf',1,NULL,0),(99,'PERFIL DE PUESTOS','DT-CAL-M2',5,0,'0000-00-00','',0,'dia(s)','2016-04-25 09:04:55',2,1,8,'DT-CAL-M2.ppt','DT-CAL-M2.pdf',1,NULL,0),(100,'MANUAL DE PANTALLAS SOAL','DT-SOP-M3',1,0,'0000-00-00','',0,'dia(s)','2016-04-25 10:04:21',2,1,8,'DT-SOP-M3.doc','DT-SOP-M3.pdf',1,NULL,0),(101,'MANUAL DE DESCRIPCION DE PUESTOS','DT-SOP-M4',9,0,'0000-00-00','',0,'dia(s)','2016-04-25 10:04:45',2,1,8,'DT-SOP-M4.docx','DT-SOP-M4.pdf',1,NULL,1),(102,'MANUAL PARA LA ELABORACION DE ORGANIGRAMAS','DT-SOP-M6',0,0,'0000-00-00','',0,'dia(s)','2016-04-25 17:04:47',2,1,8,'DT-SOP-M6.doc','DT-SOP-M6.pdf',1,NULL,0),(103,'INSTRUCCION PARA EL REPORTE DE REMOLQUES','DT-SOP-INS8',1,0,'0000-00-00','',0,'dia(s)','2016-04-25 17:04:55',2,8,2,'DT-SOP-INS8.ppt','DT-SOP-INS8.pdf',1,NULL,0),(104,'INSTRUCCION PARA ENTREGA DE EFECTIVO SIN TARJETA','DT-OP-INS9',1,0,'0000-00-00','',0,'dia(s)','2016-04-25 17:04:57',2,1,2,'DT-OP-INS9.doc','DT-OP-INS9.pdf',1,NULL,0),(105,'INSTRUCCION PARA DEPOSITOS DETALLADO','DT-OP-INS10',1,0,'2015-11-01','',0,'dia(s)','2016-04-25 17:04:07',2,1,2,'DT-OP-INS10.docx','DT-OP-INS10.pdf',1,NULL,0),(106,'INSTRUCCION PARA ERRORES EN TRANSFERENCIAS','DT-OP-INS11',0,0,'0000-00-00','',0,'dia(s)','2016-04-25 17:04:27',2,1,2,'DT-OP-INS11.doc','DT-OP-INS11.pdf',1,NULL,0),(107,'REGLAS PARA ASIGNACION DE TURNOS DE LIQUIDACIONES','DT-OP-INS12',0,0,'0000-00-00','',0,'dia(s)','2016-04-25 17:04:41',2,1,2,'DT-OP-INS12.doc','DT-OP-INS12.pdf',1,NULL,0),(108,'INSTRUCCION PARA REALIZAR REPORTE DE PUNTUALIDAD','DT-SOP-INS14',2,0,'2017-12-06','',0,'dia(s)','2016-04-25 17:04:48',6,1,2,'DT-SOP-INS14.docx','DT-SOP-INS14.pdf',1,NULL,0),(109,'PRE INSPECCION DE VIAJES','DT-OP-INS15',0,0,'2004-06-01','',0,'dia(s)','2016-04-25 17:04:22',2,1,2,'DT-OP-INS15.ppt','DT-OP-INS15.pdf',1,NULL,0),(110,'INSTRUCCION PARA BAJAR INFORMACION DE TRACTOS','DT-SOP-INS16',0,0,'0000-00-00','',0,'dia(s)','2016-04-25 17:04:18',2,1,2,'DT-SOP-INS16.ppt','DT-SOP-INS16.pdf',1,NULL,0),(111,'PLAN DE CALIDAD','DT-CAL-PLAN6',2,0,'0000-00-00','',0,'dia(s)','2016-04-25 17:04:12',2,1,6,'DT-CAL-PLAN6.xls','DT-CAL-PLAN6.pdf',1,NULL,1),(112,'INSTRUCCION PARA INSPECCION DE REMOLQUE Y THERMO','DT-SOP-INS17',0,0,'0000-00-00','',0,'dia(s)','2016-04-25 17:04:05',2,1,2,'DT-SOP-INS17.ppt','DT-SOP-INS17.pdf',1,NULL,0),(113,'INSTRUCCION PARA ENTERARSE DE CAMBIOS','DT-OP-INS18',1,1,'2017-10-05','',0,'dia(s)','2016-04-25 17:04:49',6,1,2,'DT-OP-INS18.docx','DT-OP-INS18.pdf',1,NULL,0),(114,'INSTRUCCION PARA ENTREGA DE BARRAS EN ALPRO','DT-OP-INS19',1,0,'2017-10-05','',0,'dia(s)','2016-04-25 17:04:18',6,1,2,'DT-OP-INS19.docx','DT-OP-INS19.pdf',1,NULL,0),(115,'INSTRUCCION PARA DEVOLUCIONES DE MERCANCIA','DT-SOP-INS20',0,0,'0000-00-00','',0,'dia(s)','2016-04-25 17:04:54',2,1,2,'DT-SOP-INS20.doc','DT-SOP-INS20.pdf',1,NULL,0),(116,'TABLA DE INSTRUCCIONES PARA EL REGRESO DE EVIDENCIAS POR EL CLIENTE','DT-SOP-TAB27',2,0,'0000-00-00','',0,'dia(s)','2016-04-25 17:04:52',2,1,7,'DT-SOP-TAB27.doc','DT-SOP-TAB27.pdf',1,NULL,0),(117,'PROCEDIMIENTO PARA DETERMINAR DEMORAS Y DEMORADOS','DT-SOP-PROC51',0,0,'0000-00-00','',0,'dia(s)','2016-04-25 17:04:19',2,1,1,'DT-SOP-PROC51.doc','DT-SOP-PROC51.pdf',0,NULL,0),(118,'PROCEDIMIENTO PARA DAR FONACOT','DT-SOP-PROC52',0,0,'0000-00-00','',0,'dia(s)','2016-04-25 17:04:51',2,1,1,'DT-SOP-PROC52.doc','DT-SOP-PROC52.pdf',1,NULL,0),(119,'INSTRUCCIONES RESGUARDO DE MERCANCIA EN SAN EMETERIO','DT-OP-INS21',0,0,'0000-00-00','',0,'dia(s)','2016-04-25 17:04:55',2,1,2,'DT-OP-INS21.doc','DT-OP-INS21.pdf',1,NULL,0),(120,'PROCEDIMIENTO PARA EL CONTROL DE DIESEL DEL THERMO PARA CARGA REFRIGERADA','DT-SOP-PROC53',0,0,'0000-00-00','',0,'dia(s)','2016-04-25 17:04:19',2,1,1,'DT-SOP-PROC53.ppt','DT-SOP-PROC53.pdf',1,NULL,0),(121,'PROCEDIMIENTO CANACAR','DT-SOP-PROC54',0,0,'0000-00-00','',0,'dia(s)','2016-04-25 17:04:21',2,1,1,'DT-SOP-PROC54.ppt','DT-SOP-PROC54.pdf',1,NULL,0),(122,'PROCEDIMIENTO PLANES DE ACCION','DT-SOP-PROC55',0,0,'2008-04-01','',0,'dia(s)','2016-04-25 17:04:03',2,1,1,'DT-SOP-PROC55.txt','DT-SOP-PROC55.pdf',1,NULL,0),(123,'PROCEDIMIENTO CLIMA ORGANIZACIONAL','DT-SOP-PROC56',0,0,'0000-00-00','',0,'dia(s)','2016-04-25 17:04:12',2,1,1,'DT-SOP-PROC56.doc','DT-SOP-PROC56.pdf',1,NULL,1),(124,'PLAN DE CONTINGENCIA POR PANDEMIA','DT-SOP-PLAN7',0,0,'0000-00-00','',0,'dia(s)','2016-04-25 17:04:43',2,1,6,'DT-SOP-PLAN7.doc','DT-SOP-PLAN7.pdf',1,NULL,0),(125,'PLAN DE CONTINUIDAD DEL NEGOCIO','DT-SOP-PLAN8',0,0,'0000-00-00','',0,'dia(s)','2016-04-25 17:04:43',2,1,6,'DT-SOP-PLAN8.doc','DT-SOP-PLAN8.pdf',1,NULL,0),(126,'POLITICA DE PRESTAMOS A OPERADORES','DT-SOP-POL15',1,0,'2017-07-25','',0,'dia(s)','2016-06-08 13:07:47',6,14,1,'DT-SOP-POL15.doc','DT-SOP-POL15.pdf',1,NULL,0),(127,'FORMATO PARA MINUTA DE JUNTA','DT-CAL-DIR1-R',4,0,'2017-11-15','',1,'año(s)','2016-06-10 09:05:30',7,14,9,'DT-CAL-DIR1-R.xlsx','DT-CAL-DIR1-R.pdf',1,'Archivo electrónico',0),(128,'FORMATO DE LISTA DE ASISTENCIA','DT-CAL-ISO5-R',3,0,'2015-12-26','',1,'año(s)','2016-06-10 09:24:34',7,14,9,'DT-CAL-ISO5-R.xlsx','DT-CAL-ISO5-R.pdf',1,'Carpetas y/o archivo electrónico',0),(129,'INSTRUCCION PARA VIAJE DE CANALES RICER NORSON','DT-OP-INS22',0,0,'2015-12-22','',0,'dia(s)','2016-06-10 16:08:42',6,14,2,'DT-OP-INS22.docx','DT-OP-INS22.pdf',1,NULL,0),(130,'ACTA DE AUDITORIA A GASOLINERA','DT-SOP-INS15-R',2,0,'2015-12-15','',1,'año(s)','2016-06-10 16:19:08',7,14,9,'DT-SOP-INS15-R.ppt','DT-SOP-INS15-R.pdf',1,'Archivo',0),(131,'LISTA DE VERIFICACION A ESTACIONES DE SERVICIO','DT-SOP-MTO16-R',0,0,'2015-09-24','11',1,'año(s)','2016-06-10 16:35:28',7,14,9,'DT-SOP-MTO16-R.xlsx','DT-SOP-MTO16-R.pdf',1,'En el área de Diesel en forma impresa',0),(132,'PROCEDIMIENTO DE CAPACITACION A OPERADORES','DT-SOP-PROC7',6,0,'2007-12-01','',0,'dia(s)','2016-06-10 17:47:22',6,14,1,'DT-SOP-PROC7.doc','DT-SOP-PROC7.pdf',1,NULL,0),(133,'LISTA DE ASISTENCIA A CURSO DE CAPACITACION','DT-SOP-INS1-R',1,0,'2005-10-01','132',1,'año(s)','2016-06-10 17:52:00',7,14,9,'DT-SOP-INS1-R.xls','DT-SOP-INS1-R.pdf',1,'Archivo electrónico',0),(134,'DIPLOMA','DT-SOP-INS2-R',1,0,'2005-12-01','132',1,'año(s)','2016-06-10 17:57:46',7,14,9,'DT-SOP-INS2-R.doc','DT-SOP-INS2-R.pdf',1,'Caja de archivo',0),(135,'LOGISTICA Y HORARIOS','DT-SOP-INS3-R',1,0,'2005-12-01','132',1,'año(s)','2016-06-10 18:00:53',7,14,9,'DT-SOP-INS3-R.xls','DT-SOP-INS3-R.pdf',1,'Archivo electrónico',0),(136,'EVALUACION DE SATISFACCION DEL CURSO','DT-SOP-INS4-R',0,0,'2004-05-01','132',2,'año(s)','2016-06-10 18:03:19',7,14,9,'DT-SOP-INS4-R.xls','DT-SOP-INS4-R.pdf',1,'Cajas de archivo',0),(137,'REPORTE DE TURNOS UNIDADES SUR Y CENTRO','DT-OP-ES1-R',1,0,'2006-03-01','23',6,'mes(es)','2016-06-10 18:12:26',7,14,9,'DT-OP-ES1-R.xls','DT-OP-ES1-R.pdf',1,'Paquete',0),(138,'PROGRAMA PACIFICO','DT-OP-ES2-R',2,0,'2005-11-01','23',1,'mes(es)','2016-06-10 18:15:25',7,14,9,'DT-OP-ES2-R.xls','DT-OP-ES2-R.pdf',1,'Paquete',0),(139,'FORMATO DE ASIGNACIONES','DT-SOP-ES4-R',3,0,'2015-10-01','23',1,'año(s)','2016-06-10 18:18:26',7,14,9,'DT-SOP-ES4-R.xlsx','DT-SOP-ES4-R.pdf',1,'Paquete',0),(140,'REGISTRO DE NO CONFORMIDADES Y ACCIONES CORRECTIVAS','DT-CAL-ISO1-R',5,0,'2017-07-15','9',1,'año(s)','2016-06-10 18:22:15',7,14,9,'DT-CAL-ISO1-R.docx','DT-CAL-ISO1-R.pdf',1,'Carpetas y/o archivo electronico',0),(141,'REGISTRO DE ACCIONES PREVENTIVAS','DT-CAL-ISO2-R',3,0,'2006-11-01','10',1,'año(s)','2016-06-10 18:31:37',7,14,9,'DT-CAL-ISO2-R.xls','DT-CAL-ISO2-R.pdf',1,'Carpetas y/o archivo electronico',0),(142,'INFORME AUDITORIA','DT-CAL-ISO3-R',1,0,'2005-11-01','6',1,'año(s)','2016-06-11 11:12:57',7,14,9,'DT-CAL-ISO3-R.doc','DT-CAL-ISO3-R.pdf',1,'Carpetas y/o archivo electronico',0),(143,'REGISTRO DE OBSERVACIONES','DT-CAL-ISO4-R',1,0,'2005-11-01','6',1,'año(s)','2016-06-11 11:15:44',7,14,9,'DT-CAL-ISO4-R.xls','DT-CAL-ISO4-R.pdf',1,'Carpetas y/o archivo electronico',0),(144,'LISTA DE VERIFICACION','DT-CAL-ISO6-R',3,0,'2017-06-06','6',1,'año(s)','2016-06-11 11:27:38',7,14,9,'DT-CAL-ISO6-R.docx','DT-CAL-ISO6-R.pdf',1,'Carpetas y/o archivo electronico',0),(145,'PLAN DE AUDITORIA INTERNA','DT-CAL-ISO7-R',3,0,'2017-06-09','6',1,'año(s)','2016-06-11 11:31:47',7,14,9,'DT-CAL-ISO7-R.xlsx','DT-CAL-ISO7-R.pdf',1,'Carpetas y/o archivo electronico',0),(146,'SUGERENCIA DE MEJORA','DT-CAL-ISO9-R',5,0,'2017-07-13','13',1,'año(s)','2016-06-11 11:43:29',7,14,9,'DT-CAL-ISO9-R.docx','DT-CAL-ISO9-R.pdf',0,'Carpetas y/o archivo electronico',0),(147,'CRONOGRAMA PARA PROYECTOS DE MEJORA','DT-CAL-ISO10-R',1,0,'2005-12-01','13',1,'año(s)','2016-06-11 11:47:34',7,14,9,'DT-CAL-ISO10-R.xls','DT-CAL-ISO10-R.pdf',0,'Carpetas y/o archivo electronico',0),(148,'PLAN DE ACCION','DT-CAL-ISO11-R',3,0,'2017-08-23','2',1,'año(s)','2016-06-11 11:51:13',7,14,9,'DT-CAL-ISO11-R.xlsx','DT-CAL-ISO11-R.pdf',1,'Carpetas y/o archivo electronico',0),(149,'CONCENTRADO DE ACTIVIDADES DE MEJORA CONTINUA','DT-CAL-ISO12-R',1,0,'2005-12-01','13',1,'año(s)','2016-06-11 11:53:06',7,14,9,'DT-CAL-ISO12-R.xls','DT-CAL-ISO12-R.pdf',0,'Carpetas y/o archivo electronico',0),(150,'CONCENTRADO DE COMENTARIOS Y SUGERENCIAS DE MEJORA','DT-CAL-RH1-R',1,0,'2005-12-01','13',3,'mes(es)','2016-06-11 12:11:22',7,14,9,'DT-CAL-RH1-R.xls','DT-CAL-RH1-R.pdf',0,'Archivo',0),(151,'CONCENTRADO DE RESPUESTAS A COMENTARIOS Y SUGERENCIAS DE MEJORA','DT-CAL-RH4-R',0,0,'2004-11-01','13',3,'mes(es)','2016-06-11 12:14:27',7,14,9,'DT-CAL-RH4-R.xls','DT-CAL-RH4-R.pdf',0,'Archivo',0),(152,'LISTA MAESTRA DE LETREROS','DT-CAL-ISO14-R',1,0,'2005-11-01','8',6,'mes(es)','2016-06-11 12:18:44',7,14,9,'DT-CAL-ISO14-R.xls','DT-CAL-ISO14-R.pdf',1,'Carpetas y/o archivo electronico',0),(153,'LISTADO MAESTRO ENTREGAS MANUAL DE PROCEDIMIENTOS SGC','DT-CAL-ISO15-R',0,0,'2004-04-01','8',2,'año(s)','2016-06-11 12:21:18',7,14,9,'DT-CAL-ISO15-R.xls','DT-CAL-ISO15-R.pdf',1,'Archivo',0),(154,'CONTROL DE CAMBIOS','DT-CAL-ISO17-R',1,1,'2016-11-08','8',2,'año(s)','2016-06-11 12:23:31',9,14,9,'DT-CAL-ISO17-R.xlsx','DT-CAL-ISO17-R.pdf',1,'Archivo electrónico',0),(155,'NOTIFICACION DE CAMBIO DE PROCEDIMIENTO','DT-CAL-ISO18-R',2,0,'2005-12-01','8',1,'año(s)','2016-06-11 12:26:25',7,14,9,'DT-CAL-ISO18-R.doc','DT-CAL-ISO18-R.pdf',0,'Carpetas y/o archivo electronico',0),(156,'LISTA MAESTRA DE REGISTROS DE CALIDAD','DT-CAL-ISO19-R',12,0,'2015-08-01','8',1,'año(s)','2016-06-11 12:31:02',7,14,9,'DT-CAL-ISO19-R.xlsx','DT-CAL-ISO19-R.pdf',1,'Archivo electrónico',0),(157,'EVALUACION A AREAS DE SOPORTE','DT-CAL-ISO20-R',0,0,'2004-11-01','32',1,'año(s)','2016-06-11 12:35:06',7,14,9,'DT-CAL-ISO20-R.xls','DT-CAL-ISO20-R.pdf',1,'Archivo electrónico',0),(158,'MINUTA JUNTA DIARIA','DT-CAL-ISO21-R',5,0,'2005-10-01','14',1,'mes(es)','2016-06-11 12:37:25',7,14,9,'DT-CAL-ISO21-R.xls','DT-CAL-ISO21-R.pdf',1,'Archivo electrónico',0),(159,'FORMATO DE CONTROL DE DOCUMENTOS EXTERNOS','DT-CAL-ISO22-R',0,0,'2005-11-01','5',1,'año(s)','2016-06-11 12:39:47',7,14,9,'DT-CAL-ISO22-R.xls','DT-CAL-ISO22-R.pdf',1,'Archivo',0),(160,'LISTA MAESTRA DE DOCUMENTOS EXTERNOS','DT-CAL-ISO23-R',0,0,'2005-11-01','5',1,'año(s)','2016-06-11 12:41:58',7,14,9,'DT-CAL-ISO23-R.xls','DT-CAL-ISO23-R.pdf',1,'Archivo',0),(161,'PENDIENTES JUNTA DIARIA','DT-CAL-ISO24-R',0,0,'2005-11-01','14',1,'mes(es)','2016-06-11 12:43:46',7,14,9,'DT-CAL-ISO24-R.xls','DT-CAL-ISO24-R.pdf',1,'Archivo electrónico',0),(162,'SEGUIMIENTO A NC DE AUDITORIA','DT-CAL-ISO25-R',1,0,'2015-03-12','6',3,'mes(es)','2016-06-11 12:46:02',10,14,9,'DT-CAL-ISO25-R.xlsx','DT-CAL-ISO25-R.pdf',1,'Carpeta',0),(163,'EVALUACION A PROVEEDOR AUDITORIA','DT-CAL-ISO26-R',0,0,'2006-01-10','6',3,'mes(es)','2016-06-11 12:56:40',10,14,9,'DT-CAL-ISO26-R.xls','DT-CAL-ISO26-R.pdf',1,'Carpeta',0),(164,'PROYECTOS DE EFICIENCIA','DT-CAL-ISO27-R',0,0,'2011-02-01','13',1,'año(s)','2016-06-11 12:59:36',11,14,9,'DT-CAL-ISO27-R.xls','DT-CAL-ISO27-R.pdf',0,'Carpeta y/o archivo elecrónico',0),(165,'LISTA DE VERIFICACION PARA LA REVISION AL SISTEMA','DT-CAL-DIR2-R',0,0,'2004-10-01','14',1,'año(s)','2016-06-11 13:03:10',7,14,9,'DT-CAL-DIR2-R.xls','DT-CAL-DIR2-R.pdf',1,'Archivo electrónico',0),(166,'LISTA DE VERIFICACION DE ELEMENTOS DE ENTRADA DE UNA RUTA DE VIAJE','DT-SOP-VTA1-R',1,0,'2004-10-01','25',1,'año(s)','2016-06-11 13:07:34',12,14,9,'DT-SOP-VTA1-R.doc','DT-SOP-VTA1-R.pdf',1,'Carpeta',1),(167,'FORMATO PARA VIAJE DE PRUEBA','DT-SOP-VTA3-R',0,0,'2005-11-01','25',1,'año(s)','2016-06-11 13:17:03',12,14,9,'DT-SOP-VTA3-R.xls','DT-SOP-VTA3-R.pdf',1,'Carpeta',0),(168,'CARTA DE ENTREGA DE PUESTO','DT-CAL-DIR3-R',0,0,'2005-09-01','',1,'año(s)','2016-06-13 11:15:17',7,14,9,'DT-CAL-DIR3-R.doc','DT-CAL-DIR3-R.pdf',1,'Archivo',0),(169,'FORMATO DE CAMION COMPLETO NACIONAL','DT-CAL-ATC3-R',7,0,'2016-06-21','17',3,'mes(es)','2016-06-13 11:19:59',7,14,9,'DT-CAL-ATC3-R.docx','DT-CAL-ATC3-R.pdf',1,'Carpetas',0),(170,'FORMATO DE CC INTERNACIONAL','DT-CAL-ATC4-R',5,0,'2009-08-01','17',3,'mes(es)','2016-06-13 11:22:09',7,14,9,'DT-CAL-ATC4-R.xls','DT-CAL-ATC4-R.pdf',1,'Carpetas',0),(171,'MATRIZ DE FORMACION','DT-CAL-RH5-R',1,0,'2005-11-01','132',1,'año','2016-06-13 11:25:40',7,14,9,'DT-CAL-RH5-R.xlsx','DT-CAL-RH5-R.pdf',1,'Archivo electrónico',0),(172,'REPORTE CONSOLIDADO','DT-OP-ST1-R',1,0,'2005-12-01','',1,'año(s)','2016-06-13 11:31:16',7,14,9,'DT-OP-ST1-R.xls','DT-OP-ST1-R.pdf',1,'Archivo electrónico',0),(173,'INDICADORES PARA JUNTA','DT-CAL-JF3-R',6,0,'2005-06-01','',1,'mes(es)','2016-06-13 12:39:03',6,14,9,'DT-CAL-JF3-R.xls','DT-CAL-JF3-R.pdf',1,'Archivo Electrónico',0),(174,'REPORTE DE ACCIDENTE DEL OPERADOR','DT-OP-SEG1-R',1,0,'2005-09-01','24',0,'dia(s)','2016-06-13 16:07:54',6,14,9,'DT-OP-SEG1-R1.xls','DT-OP-SEG1-R.pdf',1,'Archivo electrónico',0),(175,'FICHA DE ACCIDENTE TPITIC','DT-OP-SEG2-R',1,0,'2005-09-01','24',1,'año(s)','2016-06-13 16:15:34',6,14,9,'DT-OP-SEG2-R.xls','DT-OP-SEG2-R.pdf',1,'Archivo electrónico',0),(176,'REPORTE DE SINIESTRALIDAD','DT-OP-SEG3-R',1,0,'2005-12-01','24',1,'año(s)','2016-06-13 16:20:27',6,14,9,'DT-OP-SEG3-R.xls','DT-OP-SEG3-R.pdf',1,'Archivo electrónico',0),(177,'FORMATO DE APLICACION DE POLITICAS DE SINIESTRALIDAD','DT-OP-SEG4-R',2,0,'2017-07-25','24',1,'año(s)','2016-06-13 16:24:02',6,14,9,'DT-OP-SEG4-R.doc','DT-OP-SEG4-R.pdf',1,'Archivo de accidentes',0),(178,'PROCEDIMIENTO PARA EVALUACION DEL DESEMPEÑO','DT-SOP-PROC23',2,0,'2006-05-01','',2,'dia(s)','2016-06-13 16:29:41',6,14,1,'DT-SOP-PROC23.doc','DT-SOP-PROC23.pdf',1,'Archivo electrónico',0),(179,'EVALUACION DEL DESEMPEÑO','DT-CAL-RH7-R',1,0,'2005-12-01','178',4,'mes(es)','2016-06-13 16:36:53',6,14,9,'DT-CAL-RH7-R.xlsx','DT-CAL-RH7-R.pdf',1,'Archivo electrónico',1),(180,'PROGRAMA DE TRABAJO MENSUAL','DT-SOP-INS5-R',1,0,'2005-10-01','28',1,'año(s)','2016-06-13 16:44:00',6,14,9,'DT-SOP-INS5-R.xls','DT-SOP-INS5-R.pdf',1,'Carpeta',0),(181,'CONSOLIDADO DE VEHICULOS Y OPERADORES SUPERVISADOS','DT-SOP-INS10-R',1,0,'2005-12-01','28',1,'año(s)','2016-06-13 17:47:41',6,14,9,'DT-SOP-INS10-R.xls','DT-SOP-INS10-R.pdf',1,'Archivo',0),(182,'CONTROL DE EVALUACIONES POR CURSO','DT-SOP-INS11-R',1,0,'2005-10-01','28',1,'año(s)','2016-06-13 17:53:34',6,14,9,'DT-SOP-INS11-R.xls','DT-SOP-INS11-R.pdf',1,'Archivo',0),(183,'EVALUACION DE MANEJO INICIAL','DT-SOP-INS12-R',1,0,'2011-06-10','28',1,'año(s)','2016-06-13 17:56:31',6,14,9,'DT-SOP-INS12-R.xls','DT-SOP-INS12-R.pdf',1,'Archivo',0),(184,'EXAMEN TEORICO ASPIRANTES A OPERADOR','DT-SOP-INS13-R',1,0,'2005-12-01','28',1,'año(s)','2016-06-13 18:01:16',6,14,9,'DT-SOP-INS13-R.xls','DT-SOP-INS13-R.pdf',1,'Archivo',0),(185,'EXAMEN SERVICIO AL CLIENTE','DT-SOP-INS18-R',1,0,'2005-12-01','28',1,'año(s)','2016-06-13 18:13:33',6,14,9,'DT-SOP-INS18-R.xls','DT-SOP-INS18-R.pdf',1,'Archivo',0),(186,'REPORTE DIARIO DE CAPACITACION','DT-SOP-INS19-R',1,0,'2005-12-01','28',1,'año(s)','2016-06-14 10:42:43',6,14,9,'DT-SOP-INS19-R.xls','DT-SOP-INS19-R.pdf',1,'Archivo',0),(187,'FIRMA DE OPERADORES','DT-SOP-INS21-R',1,0,'2005-12-01','',0,'dia(s)','2016-06-14 10:55:47',7,14,9,'DT-SOP-INS21-R.xls','DT-SOP-INS21-R.pdf',1,'Archivo',0),(188,'REPORTE DE SEGUIMIENTO A OPERADORES CAPACITADOS','DT-SOP-INS22-R',1,0,'2005-10-01','28',1,'año(s)','2016-06-14 10:57:54',7,14,9,'DT-SOP-INS22-R.xls','DT-SOP-INS22-R.pdf',1,'Archivo',0),(189,'REPORTE DE TRABAJO MENSUAL','DT-SOP-INS23-R',1,0,'2005-10-01','28',1,'año(s)','2016-06-14 11:00:50',7,14,9,'DT-SOP-INS23-R.xls','DT-SOP-INS23-R.pdf',1,'Archivo',0),(190,'REPORTE DE TRABAJO SEMANAL','DT-SOP-INS24-R',1,0,'2005-10-01','28',1,'año(s)','2016-06-14 11:04:11',7,14,9,'DT-SOP-INS24-R.xls','DT-SOP-INS24-R.pdf',1,'Archivo',0),(191,'SOPORTE PROGRAMA MENSUAL DE TRABAJO','DT-SOP-INS25-R',1,0,'2005-10-01','28',1,'año(s)','2016-06-14 11:06:08',7,14,9,'DT-SOP-INS25-R.xls','DT-SOP-INS25-R.pdf',1,'Archivo',0),(192,'CONTROL PERSONALIZADO','DT-SOP-INS26-R',1,0,'2005-12-01','28',1,'año(s)','2016-06-14 11:08:11',15,14,9,'DT-SOP-INS26-R.xls','DT-SOP-INS26-R.pdf',1,'Archivo electrónico',0),(193,'EVALUACION INICIAL DE MANIOBRAS A CANDIDATOS A OPERADOR','DT-SOP-INS27-R',1,0,'2005-12-01','28',1,'año(s)','2016-06-14 11:11:05',15,14,9,'DT-SOP-INS27-R.xls','DT-SOP-INS27-R.pdf',1,'Archivo electrónico',0),(194,'ENCUESTA DE ACOMPAÑAMIENTO','DT-SOP-INS28-R',0,0,'2005-05-01','28',2,'año(s)','2016-06-14 11:15:16',15,14,9,'DT-SOP-INS28-R.xls','DT-SOP-INS28-R.pdf',1,'Archivo electrónico',0),(195,'EXAMEN TECNICAS PROFESIONALES DE MANEJO','DT-SOP-INS29-R',0,0,'2006-12-01','28',1,'año(s)','2016-06-14 11:17:55',15,14,9,'DT-SOP-INS29-R.doc','DT-SOP-INS29-R.pdf',1,'Archivo electrónico',0),(196,'EXAMEN DE ECONOMIA DE COMBUSTIBLE','DT-SOP-INS30-R',0,0,'2006-12-01','28',1,'año(s)','2016-06-14 11:19:23',15,14,9,'DT-SOP-INS30-R.xls','DT-SOP-INS30-R.pdf',1,'Archivo electrónico',0),(197,'MANUAL LIQUIDACIONES JEFES DE FLOTILLA (TABLA DE AUTORIZACION DE GASTOS)','DT-OP-TAB5',6,1,'2017-08-19','',0,'dia(s)','2016-06-14 13:07:05',6,14,7,'DT-OP-TAB5.docx','DT-OP-TAB5.pdf',1,'',1),(198,'EXAMEN DE COMBUSTION BASICA Y FACTORES RELACIONADOS','DT-SOP-INS31-R',0,0,'2006-12-01','28',1,'año(s)','2016-06-15 16:28:00',15,14,9,'DT-SOP-INS31-R2.doc','DT-SOP-INS31-R.pdf',1,'Archivo electrónico',0),(199,'EXAMEN DE REFRIGERACION BASICA','DT-SOP-INS32-R',0,0,'2006-12-01','28',1,'año(s)','2016-06-15 16:55:08',15,14,9,'DT-SOP-INS32-R.xls','DT-SOP-INS32-R.pdf',1,'Archivo electrónico',0),(200,'EXAMEN DE CONOCIMIENTOS DE LLANTAS','DT-SOP-INS33-R',0,0,'2006-12-01','28',1,'año(s)','2016-06-15 16:58:48',15,14,9,'DT-SOP-INS33-R.xls','DT-SOP-INS33-R.pdf',1,'Archivo electrónico',0),(201,'EXAMEN DE MANIOBRAS','DT-SOP-INS34-R',0,0,'2006-12-01','28',1,'año(s)','2016-06-15 17:09:22',15,14,9,'DT-SOP-INS34-R.xls','DT-SOP-INS34-R.pdf',1,'Archivo electrónico',0),(202,'EXAMEN DE PRACTICAS DE MANIOBRAS','DT-SOP-INS35-R',0,0,'2005-12-01','28',1,'año(s)','2016-06-17 15:31:19',15,14,9,'DT-SOP-INS35-R.xls','DT-SOP-INS35-R.pdf',1,'Archivo electrónico',0),(203,'MEDIDAS DE SEGURIDAD','DT-SOP-INS23',1,0,'2017-12-06','',0,'dia(s)','2016-06-17 16:36:23',18,14,2,'DT-SOP-INS23.docx','DT-SOP-INS23.pdf',1,'',0),(204,'EXAMEN DE FULL','DT-SOP-INS36-R',0,0,'2006-12-01','28',1,'año(s)','2016-06-18 10:02:29',15,14,9,'DT-SOP-INS36-R.xls','DT-SOP-INS36-R.pdf',1,'Archivo electrónico',0),(205,'EXAMEN DE MANEJO DEFENSIVO','DT-SOP-INS37-R',0,0,'2012-06-01','28',1,'año(s)','2016-06-18 10:20:11',15,14,9,'DT-SOP-INS37-R.xls','DT-SOP-INS37-R.pdf',1,'Archivo electrónico',0),(206,'CONTROL INTERNO PARA LA ENTREGA DE PUNTOS DE SEGURIDAD A OPERADORES','DT-SOP-INS38-R',0,0,'2006-08-01','',1,'año(s)','2016-06-18 10:22:40',7,14,9,'DT-SOP-INS38-R.xls','DT-SOP-INS38-R.pdf',1,'Archivo electrónico',0),(207,'SIN LIQUIDAR DIARIO','DT-SOP-LIQ1-R',1,0,'2005-10-01','33',7,'dia(s)','2016-06-18 10:27:10',7,14,9,'DT-SOP-LIQ1-R.XLS','DT-SOP-LIQ1-R.pdf',1,'Archivo eletrónico',0),(208,'CHECKLIST SEMANAL HLO','DT-SOP-LIQ3-R',1,0,'2006-04-01','33',7,'dia(s)','2016-06-18 10:35:01',7,10,9,'DT-SOP-LIQ3-R.xls','DT-SOP-LIQ3-R.pdf',1,'Archivo electrónico',0),(209,'CONTROL DE TURNOS LIQUIDACIONES','DT-SOP-LIQ5-R',1,0,'2005-02-01','33',0,'dia(s)','2016-06-18 10:38:12',7,10,9,'DT-SOP-LIQ5-R.doc','DT-SOP-LIQ5-R.pdf',1,'Archivo electrónico',0),(210,'COSTOS SEMANAL','DT-SOP-LIQ9-R',0,0,'2005-07-01','',7,'dia(s)','2016-06-18 10:42:34',7,10,9,'DT-SOP-LIQ9-R.XLS','DT-SOP-LIQ9-R.pdf',1,'Archivo electrónico',0),(211,'ACTAS PENDIENTES POR FIRMAR','DT-SOP-LIQ10-R',0,0,'2006-01-01','',1,'mes(es)','2016-06-18 10:45:23',7,10,9,'DT-SOP-LIQ10-R.xls','DT-SOP-LIQ10-R.pdf',1,'Archivo electrónico',0),(212,'REPORTE DIARIO DE REMOLQUES','DT-SOP-MTO1-R',0,0,'2005-11-01','47',1,'mes(es)','2016-06-18 10:50:19',7,20,9,'DT-SOP-MTO1-R.xls','DT-SOP-MTO1-R.pdf',1,'Archivo electrónico',0),(213,'REPORTE DIARIO DE TRACTOS','DT-SOP-MTO2-R',1,0,'2005-09-01','46',1,'mes(es)','2016-06-18 10:51:53',7,21,9,'DT-SOP-MTO2-R.xls','DT-SOP-MTO2-R.pdf',1,'Archivo electrónico',0),(214,'EVALUACION DE PROVEEDORES TALLER','DT-SOP-MTO3-R',0,0,'2005-09-01','11',6,'mes(es)','2016-06-18 10:54:13',7,8,9,'DT-SOP-MTO3-R.xls','DT-SOP-MTO3-R.pdf',1,'Archivo electrónico',0),(215,'FORMATO DE REPORTE DE TRABAJOS A TALLER DE TRACTORES','DT-SOP-MTO4-R',0,0,'2005-11-01','46',1,'mes(es)','2016-06-18 11:00:21',7,21,9,'DT-SOP-MTO4-R.ppt','DT-SOP-MTO4-R.pdf',1,'Archivo electrónico',0),(216,'ORDEN DE COMPRA','DT-SOP-MTO5-R',0,0,'2005-11-01','46',1,'mes(es)','2016-06-18 11:03:42',7,21,9,'DT-SOP-MTO5-R.ppt','DT-SOP-MTO5-R.pdf',1,'Archivo electrónico',0),(217,'ORDEN DE REPARACION','DT-SOP-MTO6-R',0,0,'2005-11-01','46',1,'mes(es)','2016-06-18 11:06:02',7,21,9,'DT-SOP-MTO6-R.ppt','DT-SOP-MTO6-R.pdf',1,'Archivo electrónico',0),(218,'GASTOS POR MANTENIMIENTO SEMANAL','DT-SOP-MTO7-R',0,0,'2005-11-01','48',1,'mes(es)','2016-06-18 11:16:36',7,22,9,'DT-SOP-MTO7-R.xls','DT-SOP-MTO7-R.pdf',1,'Archivo electrónico',0),(219,'INDICADORES DE MANTENIMIENTO','DT-SOP-MTO8-R',0,0,'2005-11-01','48',1,'mes(es)','2016-06-18 11:19:12',7,8,9,'DT-SOP-MTO8-R.xls','DT-SOP-MTO8-R.pdf',1,'Archivo electrónico',0),(220,'FORMATO DE INSPECCION DE REMOLQUES','DT-SOP-MTO9-R',0,0,'2006-02-01','47',3,'mes(es)','2016-06-18 11:21:37',7,20,9,'DT-SOP-MTO9-R.xls','DT-SOP-MTO9-R.pdf',1,'Archivo electrónico',0),(221,'FORMATO INSPECCION DE TRACTO','DT-SOP-MTO10-R',0,0,'2007-08-01','46',3,'mes(es)','2016-06-18 11:23:42',7,21,9,'DT-SOP-MTO10-R.xls','DT-SOP-MTO10-R.pdf',1,'Archivo electrónico',0),(222,'FORMATO DE INSPECCION DE LLANTAS','DT-SOP-MTO11-R',0,0,'2008-02-01','47',3,'mes(es)','2016-06-18 11:27:44',7,8,9,'DT-SOP-MTO11-R.xls','DT-SOP-MTO11-R.pdf',1,'Archivo electronico',0),(223,'PROGRAMA MANTENIMIENTO TRACTOS','DT-SOP-MTO12-R',0,0,'2008-02-01','46',3,'mes(es)','2016-06-18 11:33:37',7,8,9,'DT-SOP-MTO12-R.xls','DT-SOP-MTO12-R.pdf',1,'Archivo electrónico',0),(224,'PROGRAMA MANTENIMIENTO REMOLQUES','DT-SOP-MTO13-R',0,0,'2008-02-01','47',3,'mes(es)','2016-06-18 11:42:14',7,8,9,'DT-SOP-MTO13-R.xls','DT-SOP-MTO13-R.pdf',1,'Archivo electrónico',0),(225,'CONTROL DIESEL THERMO CARGA REFRIGERADA','DT-SOP-MTO14-R',0,0,'2008-03-01','112',3,'mes(es)','2016-06-18 11:47:37',7,8,9,'DT-SOP-MTO14-R.xls','DT-SOP-MTO14-R.pdf',1,'Archivo electrónico',0),(226,'PROCEDIMIENTO PARA CARGA DE DIESEL A THERMOS EN ALPRO','DT-SOP-PROC57',0,0,'2015-08-01','',0,'dia(s)','2016-06-18 11:52:36',18,23,1,'DT-SOP-PROC57.pptx','DT-SOP-PROC57.pdf',1,NULL,0),(227,'FORMATO DE RELLENO DE THERMOS','DT-SOP-MTO15-R',0,0,'2015-08-01','226',1,'año(s)','2016-06-18 11:54:20',7,23,9,'DT-SOP-MTO15-R.xlsx','DT-SOP-MTO15-R.pdf',1,'Archivo',0),(228,'FORMATO DE GASTOS AUTORIZADOS','DT-OP-JF11-R',0,0,'2015-10-01','34',1,'año(s)','2016-06-18 11:59:35',7,16,9,'DT-OP-JF11-R.xlsx','DT-OP-JF11-R.pdf',1,'Archivo',0),(229,'ANALISIS DE CONDUCCION TECNICA','DT-SOP-INS6-R',1,0,'2005-12-01','28',1,'año(s)','2016-06-18 12:30:41',7,24,9,'DT-SOP-INS6-R.xls','DT-SOP-INS6-R.pdf',1,'Archivo',0),(230,'ANALISIS MANEJO DEFENSIVO','DT-SOP-INS7-R',1,0,'2005-12-01','28',1,'año(s)','2016-06-18 12:32:34',7,24,9,'DT-SOP-INS7-R.xls','DT-SOP-INS7-R.pdf',1,'Archivo',0),(231,'AUDITORIA DEL VEHICULO','DT-SOP-INS9-R',0,0,'2005-12-01','28',1,'año(s)','2016-06-18 12:36:01',7,24,9,'DT-SOP-INS9-R.xls','DT-SOP-INS9-R.pdf',1,'Archivo',0),(232,'MEDICION DE TIEMPOS Y DISTANCIAS DE RUTA','DT-SOP-INS14-R',0,0,'2005-12-01','28',1,'año(s)','2016-06-18 12:37:54',7,24,9,'DT-SOP-INS14-R.xls','DT-SOP-INS14-R.pdf',1,'Archivo',0),(233,'ENTREVISTA CANDIDATOS A OPERADOR','DT-SOP-INS16-R',1,0,'2005-12-01','',1,'año(s)','2016-06-18 12:39:45',7,24,9,'DT-SOP-INS16-R.xls','DT-SOP-INS16-R.pdf',1,'Archivo',0),(234,'EXAMEN DE REGLAMENTOS Y SEÑALAMIENTOS VIALES','DT-SOP-INS17-R',1,0,'2005-12-01','28',1,'año(s)','2016-06-18 12:41:59',7,24,9,'DT-SOP-INS17-R.xls','DT-SOP-INS17-R.pdf',1,'Archivo',0),(235,'CONCENTRADO DE EVALUACIONES POR GRUPO','DT-SOP-INS20-R',3,0,'2007-07-01','28',1,'año(s)','2016-06-18 12:43:34',7,24,9,'DT-SOP-INS20-R.xls','DT-SOP-INS20-R.pdf',1,'Archivo',0),(236,'CERTIFICACION DE OPERADORES','DT-CAL-AD3-R',0,0,'2004-09-01','2',1,'año(s)','2016-06-20 12:17:24',7,12,9,'DT-CAL-AD3-R.xls','DT-CAL-AD3-R.pdf',1,'Archivo electrónico',0),(237,'ACTA A OPERADORES','DT-SOP-JF6-R',1,0,'2005-09-01','',2,'año(s)','2016-06-20 12:19:07',13,2,9,'DT-SOP-JF6-R.xls','DT-SOP-JF6-R.pdf',1,'Archivo',0),(238,'RECIBO Y ENTREGA TRACTOCAMION','DT-CAL-JF4-R',6,0,'2016-08-01','36',0,'dia(s)','2016-06-20 12:23:11',7,2,9,'DT-CAL-JF4-R.xls','DT-CAL-JF4-R.pdf',1,'Archivo',0),(239,'CONSOLIDADO DE ACTAS ADMINISTRATIVAS','DT-SOP-JF13-R',0,0,'2005-03-01','',1,'año(s)','2016-06-20 12:25:38',15,2,9,'DT-SOP-JF13-R.xls','DT-SOP-JF13-R.pdf',1,'Archivo electrónico',0),(240,'INVENTARIO DE BARRAS','DT-SOP-JF16-R',0,0,'2005-09-01','114',1,'año(s)','2016-06-20 12:38:29',19,7,9,'DT-SOP-JF16-R.xls','DT-SOP-JF16-R.pdf',1,'Archivo electrónico',0),(241,'APLICACION DE POLITICAS','DT-SOP-JF17-R',1,0,'2005-10-01','99',1,'año(s)','2016-06-20 12:40:22',7,2,9,'DT-SOP-JF17-R.xls','DT-SOP-JF17-R.pdf',1,'Archivo electrónico',0),(242,'FOLIOS','DT-SOP-JF18-R',0,0,'2005-09-01','',1,'año(s)','2016-06-20 12:42:25',7,6,9,'DT-SOP-JF18-R.xls','DT-SOP-JF18-R.pdf',1,'Archivo electrónico',0),(243,'RECIBO DE BARRAS','DT-SOP-JF19-R',0,0,'2005-10-01','114',6,'mes(es)','2016-06-20 12:44:15',7,7,9,'DT-SOP-JF19-R.doc','DT-SOP-JF19-R.pdf',1,'Folder',0),(244,'FORMATO BAJA DE OPERADORES','DT-SOP-JF20-R',2,0,'2015-03-01','',6,'mes(es)','2016-06-20 12:51:02',7,2,9,'DT-SOP-JF20-R.xlsx','DT-SOP-JF20-R.pdf',1,'Carpeta',0),(245,'FACTURACION SERVICIO DEDICADO KOWI','DT-SOP-JF21-R',0,0,'2006-05-01','',6,'mes(es)','2016-06-20 12:57:04',7,2,9,'DT-SOP-JF21-R.xls','DT-SOP-JF21-R.pdf',1,'Carpeta',0),(246,'FORMATO BAJA DE OPERADORES DEDICADO','DT-SOP-JF22-R',0,0,'2015-10-01','',6,'mes(es)','2016-06-20 13:00:09',7,25,9,'DT-SOP-JF22-R.xlsx','DT-SOP-JF22-R.pdf',1,'Carpeta',0),(247,'CARNICOS DIARIOS','DT-OP-ST3-R',0,0,'2004-10-01','',6,'mes(es)','2016-06-20 16:39:23',7,26,9,'DT-OP-ST3-R.xls','DT-OP-ST3-R.pdf',1,'Archivo electrónico',0),(248,'C RANCHO 17','DT-OP-ST5-R',0,0,'2004-10-01','',6,'mes(es)','2016-06-20 16:41:31',7,26,9,'DT-OP-ST5-R.xls','DT-OP-ST5-R.pdf',1,'Archivo electrónico',0),(249,'FACTURACION DIARIA','DT-OP-ES11-R',0,0,'2005-07-01','',1,'mes(es)','2016-06-20 16:44:48',7,3,9,'DT-OP-ES11-R.xls','DT-OP-ES11-R.pdf',1,'Archivo electrónico',0),(250,'ANALISIS DE CRUCES','DT-OP-GL1-R',1,0,'2005-12-01','14',1,'mes(es)','2016-06-20 16:48:22',7,6,9,'DT-OP-GL1-R.xls','DT-OP-GL1-R.pdf',1,'Archivo electrónico',0),(251,'LOGISTICA 3 DIAS','DT-OP-GL2-R',1,0,'2005-12-01','101',2,'mes(es)','2016-06-20 16:53:16',7,6,9,'DT-OP-GL2-R.xls','DT-OP-GL2-R.pdf',1,'Archivo electrónico',0),(252,'INVENTARIO DE REMOLQUES','DT-CAL-AD10-R',0,0,'2003-11-28','',1,'mes(es)','2016-06-20 16:56:57',7,27,9,'DT-CAL-AD10-R.xls','DT-CAL-AD10-R.pdf',1,'Archivo electrónico',0),(253,'CONTROL AUDITORIAS A GASOLINERAS','DT-SOP-DLL1-R',0,0,'2006-05-01','',1,'año(s)','2016-06-20 16:59:59',7,12,9,'DT-SOP-DLL1-R.xls','DT-SOP-DLL1-R.pdf',1,'Archivo electrónico',0),(254,'REQUISICION DE COMPRAS','DT-SOP-DIR1-R',0,0,'2007-07-01','',1,'mes(es)','2016-06-20 17:02:48',7,14,9,'DT-SOP-DIR1-R.xls','DT-SOP-DIR1-R.pdf',1,'Archivo electrónico',0),(255,'DENUNCIA','DT-XX-XX1-R',0,0,'2016-06-20','',1,'año(s)','2016-06-20 17:07:05',7,9,9,'DT-XX-XX1-R.txt','DT-XX-XX1-R.pdf',1,'En el área de seguridad en forma impresa',0),(256,'INSTRUCCIONES ESPECIALES WALMART CULIACAN','DT-OP-TAB28',0,0,'2016-06-21','',NULL,NULL,'2016-06-21 12:12:43',18,6,2,'DT-OP-TAB28.doc','DT-OP-TAB28.pdf',1,NULL,0),(257,'INSTRUCCIONES ESPECIALES EXPEDITORS','DT-OP-TAB31',0,0,'2016-06-22','',0,'dia(s)','2016-06-22 16:14:09',18,6,7,'DT-OP-TAB31.docx','DT-OP-TAB31.pdf',1,NULL,0),(258,'CALIBRACION DE JARRAS PATRON','DT-OP-SEG5-R',0,0,'2016-07-01','',1,'mes(es)','2016-07-01 11:53:28',1,12,9,'DT-OP-SEG5-R.xls','DT-OP-SEG5-R.pdf',1,'Archivo electrónico',0),(259,'POLITICA DE AUSENTISMOS','DT-SOP-POL17',1,0,'2017-07-25','',0,'dia(s)','2016-07-07 08:51:18',18,7,3,'DT-SOP-POL17.docx','DT-SOP-POL17.pdf',1,NULL,0),(260,'PROCEDIMIENTO PARA SEGUIMIENTO DE AUSENTISMOS','DT-SOP-PROC60',1,0,'2017-07-25','',0,'dia(s)','2016-07-07 09:06:46',6,7,1,'DT-SOP-PROC60.docx','DT-SOP-PROC60.pdf',1,NULL,0),(261,'PROCEDIMIENTO PARA BAJAS DE OPERADORES','DT-SOP-PROC59',0,0,'2016-07-12','',0,'dia(s)','2016-07-12 10:54:45',18,7,1,'DT-SOP-PROC59.docx','DT-SOP-PROC59.pdf',1,NULL,0),(262,'POLITICA DE PERMISOS A OPERADORES','DT-SOP-POL18',1,0,'2017-07-25','',0,'dia(s)','2016-07-12 10:56:53',6,2,3,'DT-SOP-POL18.docx','DT-SOP-POL18.pdf',1,NULL,0),(263,'POLITICA DE ACCIDENTES PARA SANTA BARBARA','DT-OP-POL15',0,0,'2016-02-13','',0,'dia(s)','2016-08-13 09:49:56',18,9,3,'DT-OP-POL15.xls','DT-OP-POL15.pdf',1,NULL,0),(264,'PROCEDIMIENTO PARA LA AUDITORIA DE BOMBAS','DT-SOP-PROC58',0,0,'2016-01-10','',0,'dia(s)','2016-01-10 09:59:21',18,12,1,'DT-SOP-PROC58.docx','DT-SOP-PROC58.pdf',1,NULL,0),(265,'PRUEBA DE ELIMINACION','DT-CAL-ISO99',0,0,'2016-08-17','',0,'dia(s)','2016-08-17 18:08:37',18,14,2,'DT-CAL-ISO99.xlsx','DT-CAL-ISO99.pdf',0,NULL,0),(266,'INSTRUCCIONES ESPECIALES EXPEDITORS HP','DT-OP-INS24',0,0,'2016-08-19','',0,'dia(s)','2016-08-19 16:35:48',18,6,2,'DT-OP-INS24.docx','DT-OP-INS24.pdf',1,NULL,0),(267,'INSTRUCCIONES ESPECIALES EXPEDITORS AEROPUERTO','DT-OP-INS25',1,0,'2016-09-15','',0,'dia(s)','2016-08-19 16:44:36',18,6,2,'DT-OP-INS25.docx','DT-OP-INS25.pdf',1,NULL,0),(268,'INSTRUCCIONES BASICAS PARA VIAJES REFRIGERADOS','DT-CAL-INS8',1,0,'2006-10-01','',0,'dia(s)','2016-09-05 10:07:31',18,14,2,'DT-CAL-INS8.ppt','DT-CAL-INS8.pdf',0,NULL,0),(269,'INSTRUCCION PARA REQUISICION Y RECEPCION DE PIPA DE DIESEL','DT-SOP-INS39',0,0,'2015-01-10','',0,'dia(s)','2016-09-09 09:04:04',18,12,2,'DT-SOP-INS39.docx','DT-SOP-INS39.pdf',1,NULL,0),(270,'FORMATO DE EVALUACION A GASOLINERAS','DT-SOP-INS39-R',0,0,'2015-01-01','11',1,'año(s)','2016-09-10 09:47:37',1,12,9,'DT-SOP-INS39-R.xls','DT-SOP-INS39-R.pdf',1,'CARPETA DE JEFE DE DIESEL',0),(271,'ENCUESTA TELEFONICA CLIENTES SPOT CC','DT-CAL-ATC6',0,0,'2017-07-14','12',NULL,NULL,'2017-07-14 11:55:23',18,15,4,'DT-CAL-ATC6.xlsx','DT-CAL-ATC6.pdf',1,NULL,0),(272,'Entrevista Clientes Premium','DT-CAL-ATC5',0,0,'2017-07-14','',0,'dia(s)','2017-07-14 12:14:21',18,15,4,'DT-CAL-ATC5.docx','DT-CAL-ATC5.pdf',1,NULL,0),(273,'CARTA COTIZACION CC','DT-SOP-VTA4',0,0,'2017-07-18','',0,'dia(s)','2017-07-18 09:20:34',18,14,4,'DT-SOP-VTA4.docx','DT-SOP-VTA4.pdf',1,NULL,0),(274,'FORMATO PARA AUTORIZACION DE NUEVOS PROVEEDORES','DT-SOP-MTO17',0,0,'2017-07-18','',0,'dia(s)','2017-07-18 09:26:43',18,8,4,'DT-SOP-MTO17.xls','DT-SOP-MTO17.pdf',1,NULL,0),(275,'PROCEDIMIENTO PARA LA AUTORIZACION DE NUEVOS PROVEEDORES MTTO','DT-SOP-PROC61',0,0,'2017-07-18','',0,'dia(s)','2017-07-18 09:29:21',18,8,1,'DT-SOP-PROC61.docx','DT-SOP-PROC61.pdf',1,NULL,0),(276,'PROCEDIMIENTO PARA EL REGISTRO DE INCIDENCIAS','DT-CAL-PROC62',1,0,'2017-09-21','',0,'dia(s)','2017-07-18 09:34:23',6,14,1,'DT-CAL-PROC62.doc','DT-CAL-PROC62.pdf',1,NULL,0),(277,'INSTRUCCION PARA EL USO DE TERMO','DT-OP-INS26',0,0,'2017-09-21','',0,'dia(s)','2017-09-21 12:31:12',18,14,2,'DT-OP-INS26.docx','DT-OP-INS26.pdf',1,NULL,0),(278,'FORMATO DE INVESTIGACION DE ACCIDENTE','DT-OP-SEG6-R',0,0,'2017-09-21','',0,'dia(s)','2017-09-21 12:43:21',2,9,9,'DT-OP-SEG6-R.docx','DT-OP-SEG6-R.pdf',1,'ARCHIVO ELECTRONICO',0);
/*!40000 ALTER TABLE `documentos` ENABLE KEYS */;
UNLOCK TABLES;

--
-- Table structure for table `documentos_checkin`
--

DROP TABLE IF EXISTS `documentos_checkin`;
/*!40101 SET @saved_cs_client     = @@character_set_client */;
/*!40101 SET character_set_client = utf8 */;
CREATE TABLE `documentos_checkin` (
  `id_documento` int(10) NOT NULL,
  `usuario` varchar(50) NOT NULL,
  `fecha` datetime NOT NULL,
  `id_check` int(11) NOT NULL AUTO_INCREMENT,
  PRIMARY KEY (`id_check`),
  KEY `id_documento` (`id_documento`),
  CONSTRAINT `FK_documentos_checkin_1` FOREIGN KEY (`id_documento`) REFERENCES `documentos` (`id_documento`) ON UPDATE CASCADE
) ENGINE=InnoDB AUTO_INCREMENT=139 DEFAULT CHARSET=latin1;
/*!40101 SET character_set_client = @saved_cs_client */;

--
-- Dumping data for table `documentos_checkin`
--

LOCK TABLES `documentos_checkin` WRITE;
/*!40000 ALTER TABLE `documentos_checkin` DISABLE KEYS */;
INSERT INTO `documentos_checkin` VALUES (27,'jrosales','2017-02-07 18:27:48',91),(16,'jrosales','2017-06-21 11:14:47',95),(32,'jrosales','2017-08-18 17:37:32',96),(169,'ginzunza','2017-12-05 09:22:37',118),(170,'ginzunza','2017-12-05 09:22:54',119),(225,'ginzunza','2018-03-12 17:33:02',131),(149,'ginzunza','2018-03-16 11:45:36',135),(13,'cmburboa','2018-04-07 21:28:01',138);
/*!40000 ALTER TABLE `documentos_checkin` ENABLE KEYS */;
UNLOCK TABLES;

--
-- Table structure for table `log_cambios`
--

DROP TABLE IF EXISTS `log_cambios`;
/*!40101 SET @saved_cs_client     = @@character_set_client */;
/*!40101 SET character_set_client = utf8 */;
CREATE TABLE `log_cambios` (
  `id_cambio` int(10) NOT NULL AUTO_INCREMENT,
  `id_documento` int(6) NOT NULL,
  `nombre_documento` varchar(200) NOT NULL,
  `id_calidad` varchar(15) NOT NULL,
  `fecha_cambio` datetime NOT NULL,
  `causa_cambio` varchar(255) NOT NULL,
  `desc_cambio` text NOT NULL,
  `usuario` varchar(25) NOT NULL,
  `revision_ant` varchar(10) NOT NULL,
  `revision_actual` varchar(10) NOT NULL,
  `archivo_obsoleto` varchar(250) NOT NULL,
  PRIMARY KEY (`id_cambio`),
  KEY `id_documento` (`id_documento`),
  KEY `id_documento_2` (`id_documento`),
  CONSTRAINT `fK_id_documento_log` FOREIGN KEY (`id_documento`) REFERENCES `documentos` (`id_documento`) ON DELETE NO ACTION ON UPDATE CASCADE
) ENGINE=InnoDB AUTO_INCREMENT=425 DEFAULT CHARSET=latin1;
/*!40101 SET character_set_client = @saved_cs_client */;

--
-- Dumping data for table `log_cambios`
--

LOCK TABLES `log_cambios` WRITE;
/*!40000 ALTER TABLE `log_cambios` DISABLE KEYS */;
INSERT INTO `log_cambios` VALUES (28,1,'Matriz de Carpetas Electronicas','','2016-04-16 12:04:42','Documento nuevo','Se creó el documento','cmburboa','NA','0.0','NA'),(29,2,'MANUAL DE CALIDAD','','2016-04-18 12:04:45','Documento nuevo','Se creó el documento','cmburboa','NA','13.0','NA'),(30,3,'PROCESO GRAL DE TRANSPORTACION Y PROCEDIMIENTOS OPERATIVOS QUE SE UTILIZAN','','2016-04-18 12:04:03','Documento nuevo','Se creó el documento','cmburboa','NA','5.0','NA'),(31,4,'ORGANIGRAMA CAMION COMPLETO','','2016-04-18 12:04:26','Documento nuevo','Se creó el documento','cmburboa','NA','15.0','NA'),(32,5,'INSTRUCCION PARA EL CONTROL DE DOCUMENTOS EXTERNOS','','2016-04-18 12:04:00','Documento nuevo','Se creó el documento','cmburboa','NA','3.0','NA'),(33,6,'PROCEDIMIENTO PARA AUDITORIAS INTERNAS DE CALIDAD','','2016-04-18 12:04:10','Documento nuevo','Se creó el documento','cmburboa','NA','5.0','NA'),(34,7,'MAPEO DE PROCESOS DE TRANSPORTACION','','2016-04-18 01:04:43','Documento nuevo','Se creó el documento','cmburboa','NA','0.0','NA'),(35,8,'PROCEDIMIENTO PARA EL CONTROL DE DOCUMENTOS','','2016-04-18 04:04:45','Documento nuevo','Se creó el documento','cmburboa','NA','7.0','NA'),(36,9,'PROCEDIMIENTO PARA ACCIONES CORRECTIVAS','','2016-04-18 04:04:40','Documento nuevo','Se creó el documento','cmburboa','NA','3.0','NA'),(37,10,'PROCEDIMIENTO PARA ACCIONES PREVENTIVAS','','2016-04-18 04:04:45','Documento nuevo','Se creó el documento','cmburboa','NA','3.0','NA'),(38,11,'PROCEDIMIENTO PARA LA EVALUACION DE PROVEEDORES','','2016-04-18 04:04:37','Documento nuevo','Se creó el documento','cmburboa','NA','4.0','NA'),(39,12,'PROCEDIMIENTO PARA MEDIR LA SATISFACCION DEL CLIENTE','','2016-04-18 04:04:06','Documento nuevo','Se creó el documento','cmburboa','NA','5.0','NA'),(40,13,'PROCEDIMIENTO PARA LA MEJORA CONTINUA','','2016-04-18 04:04:55','Documento nuevo','Se creó el documento','cmburboa','NA','4.0','NA'),(41,14,'PROCEDIMIENTO PARA REVISION DEL SISTEMA POR LA DIRECCION','','2016-04-18 04:04:07','Documento nuevo','Se creó el documento','cmburboa','NA','6.0','NA'),(42,15,'PROCEDIMIENTO PARA LA ATENCION DE SOLICITUDES DE SERVICIO','','2016-04-18 04:04:30','Documento nuevo','Se creó el documento','cmburboa','NA','6.0','NA'),(43,16,'PROCEDIMIENTO PARA CONTROL DE REGISTROS DE CALIDAD','','2016-04-18 04:04:55','Documento nuevo','Se creó el documento','cmburboa','NA','5.0','NA'),(44,17,'PROCEDIMIENTO DE TRANSPORTACION','','2016-04-18 04:04:56','Documento nuevo','Se creó el documento','cmburboa','NA','6.0','NA'),(45,18,'PROCEDIMIENTO PARA EL MONITOREO DE VIAJES','','2016-04-18 04:04:15','Documento nuevo','Se creó el documento','cmburboa','NA','8.0','NA'),(46,19,'INSTRUCCION PARA EL DEPOSITO DE VIATICOS A OPERADORES','','2016-04-18 04:04:57','Documento nuevo','Se creó el documento','cmburboa','NA','8.0','NA'),(47,20,'INSTRUCCION SOAL PARA DESPACHO DE VIAJES Y ASIGNACION DE TRACTOS','','2016-04-18 04:04:19','Documento nuevo','Se creó el documento','cmburboa','NA','2.0','NA'),(48,21,'INSTRUCCION PARA EL MANEJO DEL SISTEMA QTRACS','','2016-04-18 04:04:36','Documento nuevo','Se creó el documento','cmburboa','NA','3.0','NA'),(49,22,'PROCEDIMIENTO PARA LA ELABORACION DE GUIAS','','2016-04-18 04:04:22','Documento nuevo','Se creó el documento','cmburboa','NA','2.0','NA'),(50,23,'INSTRUCCION PARA LA ASIGNACION DE TURNOS DE VIAJES','','2016-04-18 04:04:18','Documento nuevo','Se creó el documento','cmburboa','NA','12.0','NA'),(51,24,'PROCEDIMIENTO PARA EL MANEJO DE CONTINGENCIAS','','2016-04-18 04:04:22','Documento nuevo','Se creó el documento','cmburboa','NA','8.0','NA'),(52,25,'PROCEDIMIENTO PARA EL DISEÑO Y DESARROLLO','','2016-04-18 04:04:24','Documento nuevo','Se creó el documento','cmburboa','NA','8.0','NA'),(53,26,'PROCEDIMIENTO PARA ATENCION DE QUEJAS DE CLIENTES','','2016-04-18 04:04:09','Documento nuevo','Se creó el documento','cmburboa','NA','8.0','NA'),(54,27,'PROCEDIMIENTO PARA HACER PROCEDIMIENTOS','','2016-04-18 05:04:08','Documento nuevo','Se creó el documento','cmburboa','NA','1.0','NA'),(55,28,'INSTRUCCION PARA CAPACITACION DE OPERADORES','','2016-04-18 05:04:43','Documento nuevo','Se creó el documento','cmburboa','NA','5.0','NA'),(56,29,'INSTRUCCION PARA REGISTRO DE STATUS DE TRACTOS','','2016-04-18 05:04:12','Documento nuevo','Se creó el documento','cmburboa','NA','1.0','NA'),(57,30,'PROCEDIMIENTO DE EQUIPO DEDICADO (Generalidades)','','2016-04-18 05:04:20','Documento nuevo','Se creó el documento','cmburboa','NA','5.0','NA'),(58,31,'PROCEDIMIENTO PARA FALLAS MECANICAS EN CARRETERA','','2016-04-18 05:04:47','Documento nuevo','Se creó el documento','cmburboa','NA','1.0','NA'),(59,32,'PROCEDIMIENTO PARA EVALUAR AREAS DE SOPORTE','','2016-04-18 05:04:53','Documento nuevo','Se creó el documento','cmburboa','NA','2.0','NA'),(60,33,'PROCEDIMIENTO PARA LIQUIDACIONES','','2016-04-18 05:04:10','Documento nuevo','Se creó el documento','cmburboa','NA','4.0','NA'),(61,34,'PROCEDIMIENTO PARA LIQUIDACION DE GASTOS AUTORIZADOS','','2016-04-18 05:04:57','Documento nuevo','Se creó el documento','cmburboa','NA','1.0','NA'),(62,35,'PROCEDIMIENTO ASALTOS','','2016-04-18 05:04:33','Documento nuevo','Se creó el documento','cmburboa','NA','1.0','NA'),(63,36,'PROCEDIMIENTO DE PROMOCION A OPERADORES','','2016-04-18 05:04:00','Documento nuevo','Se creó el documento','cmburboa','NA','4.0','NA'),(64,37,'PROCEDIMIENTO PARA MANTENIMIENTO PREVENTIVO DE REMOLQUES','','2016-04-18 05:04:30','Documento nuevo','Se creó el documento','cmburboa','NA','0.0','NA'),(65,38,'PROCEDIMIENTO PARA MANTENIMIENTO PREVENTIVO DE TRACTOS','','2016-04-18 05:04:22','Documento nuevo','Se creó el documento','cmburboa','NA','0.0','NA'),(66,39,'PROCEDIIMENTO DE PRUEBAS PARA AUMENTO RENDIMIENTO','','2016-04-18 05:04:53','Documento nuevo','Se creó el documento','cmburboa','NA','1.0','NA'),(67,40,'PROCEDIMIENTO PARA BOTON DE PANICO','','2016-04-18 05:04:15','Documento nuevo','Se creó el documento','cmburboa','NA','1.0','NA'),(68,41,'PROCEDIMIENTO GUARDIA LOS DOMINGOS','','2016-04-18 05:04:45','Documento nuevo','Se creó el documento','cmburboa','NA','0.0','NA'),(69,42,'PROCEDIMIENTO PARA ASEGURAR LA RECUPERACION DE GUIAS DE EMBARQUES DE CAMION COMPLETO','','2016-04-18 05:04:02','Documento nuevo','Se creó el documento','cmburboa','NA','0.0','NA'),(70,43,'PROCEDIMIENTO ENTREGA DE REMOLQUES RENTADOS','','2016-04-18 05:04:20','Documento nuevo','Se creó el documento','cmburboa','NA','0.0','NA'),(71,44,'PROCEDIMIENTO PARA CONTROL DE CIRCUITOS','','2016-04-18 05:04:37','Documento nuevo','Se creó el documento','cmburboa','NA','4.0','NA'),(72,45,'PROCEDIMIENTO PARA CONTROL DE LLANTAS','','2016-04-18 06:04:56','Documento nuevo','Se creó el documento','cmburboa','NA','0.0','NA'),(73,46,'PROCEDIMIENTO PARA METER TRACTOS AL TALLER','','2016-04-18 06:04:04','Documento nuevo','Se creó el documento','cmburboa','NA','1.0','NA'),(74,47,'PROCEDIMIENTO PARA METER REMOLQUE AL TALLER','','2016-04-18 06:04:06','Documento nuevo','Se creó el documento','cmburboa','NA','0.0','NA'),(75,48,'PROCEDIMIENTO CALCULO DE GASTOS DE MANTENIMIENTO','','2016-04-18 06:04:10','Documento nuevo','Se creó el documento','cmburboa','NA','1.0','NA'),(76,49,'PROCEDIMIENTO PARA GUIAS PROBLEMA EN ADUANA','','2016-04-18 06:04:21','Documento nuevo','Se creó el documento','cmburboa','NA','1.0','NA'),(77,50,'PROCEDIMIENTO PARA VIAJES CON FERRY','','2016-04-18 06:04:14','Documento nuevo','Se creó el documento','cmburboa','NA','1.0','NA'),(78,51,'PROCEDIMIENTO PARA TRACTOS SIN ACTUALIZACION DE POSICION','','2016-04-20 04:04:14','Documento nuevo','Se creó el documento','cmburboa','NA','0.0','NA'),(79,52,'PROCEDIMIENTO PARA PRUEBA DE THERMOS','','2016-04-20 04:04:56','Documento nuevo','Se creó el documento','cmburboa','NA','0.0','NA'),(80,53,'PROCEDIMIENTO PARA CAMBIOS DE ANTENA','','2016-04-20 04:04:40','Documento nuevo','Se creó el documento','cmburboa','NA','0.0','NA'),(81,54,'INSTRUCCION PARA RECIBIR REMOLQUES EN OFICINA','','2016-04-20 04:04:55','Documento nuevo','Se creó el documento','cmburboa','NA','0.0','NA'),(82,55,'POLITICA DE CALIDAD','','2016-04-20 04:04:27','Documento nuevo','Se creó el documento','cmburboa','NA','0.0','NA'),(83,56,'POLITICA DE ACCIDENTES','','2016-04-20 05:04:42','Documento nuevo','Se creó el documento','cmburboa','NA','0.0','NA'),(84,57,'POLITICA DE CONDUCTA','','2016-04-20 05:04:10','Documento nuevo','Se creó el documento','cmburboa','NA','0.0','NA'),(85,58,'POLITICAS DE VELOCIDAD','','2016-04-20 05:04:25','Documento nuevo','Se creó el documento','cmburboa','NA','3.0','NA'),(86,59,'POLITICAS DIESEL','','2016-04-20 05:04:37','Documento nuevo','Se creó el documento','cmburboa','NA','2.0','NA'),(87,60,'POLITICAS RENDIMIENTO DIESEL','','2016-04-20 05:04:14','Documento nuevo','Se creó el documento','cmburboa','NA','1.0','NA'),(88,61,'POLITICAS DE PAGOS A OPERADORES','','2016-04-20 05:04:58','Documento nuevo','Se creó el documento','cmburboa','NA','15.0','NA'),(89,62,'POLITICA DE SEGURIDAD','','2016-04-20 05:04:12','Documento nuevo','Se creó el documento','cmburboa','NA','1.0','NA'),(90,63,'REQUISITOS PARA LIQUIDAR','','2016-04-20 05:04:26','Documento nuevo','Se creó el documento','cmburboa','NA','3.0','NA'),(91,64,'POLITICAS DE RECEPCION DE UNIDADES AL TALLER','','2016-04-20 05:04:16','Documento nuevo','Se creó el documento','cmburboa','NA','1.0','NA'),(92,65,'POLITICA DE PESO MAXIMO DE CARGA EN REMOLQUES DE PAQUETERIA','','2016-04-20 05:04:33','Documento nuevo','Se creó el documento','cmburboa','NA','1.0','NA'),(93,66,'POLITICA CANDADO EN REMOLQUES','','2016-04-20 05:04:14','Documento nuevo','Se creó el documento','cmburboa','NA','0.0','NA'),(94,67,'POLITICA PERMISO A OPERADORES','','2016-04-20 05:04:31','Documento nuevo','Se creó el documento','cmburboa','NA','0.0','NA'),(95,68,'POLITICA DE CAPACITACION','','2016-04-20 05:04:18','Documento nuevo','Se creó el documento','cmburboa','NA','0.0','NA'),(96,69,'PLANIFICACION DE AUDITORIAS INTERNAS AL SISTEMA DE GESTION DE CALIDAD','','2016-04-20 05:04:43','Documento nuevo','Se creó el documento','cmburboa','NA','1.0','NA'),(97,70,'PLANIFICACION DEL SISTEMA DE GESTION DE LA CALIDAD','','2016-04-20 05:04:56','Documento nuevo','Se creó el documento','cmburboa','NA','1.0','NA'),(98,71,'PLANIFICACION DEL SEGUIMIENTO MEDICION ANALISIS Y MEJORA','','2016-04-20 05:04:57','Documento nuevo','Se creó el documento','cmburboa','NA','1.0','NA'),(99,72,'PLANIFICACION DEL DISEÑO (Servicio dedicado)','','2016-04-20 05:04:57','Documento nuevo','Se creó el documento','cmburboa','NA','4.0','NA'),(100,73,'PLANIFICACION DE LA REALIZACION DEL SERVICIO','','2016-04-20 05:04:23','Documento nuevo','Se creó el documento','cmburboa','NA','4.0','NA'),(101,74,'HORARIO DE PERSONAL DE TRANSPORTE','','2016-04-20 05:04:29','Documento nuevo','Se creó el documento','cmburboa','NA','1.0','NA'),(102,75,'TABLA DE OBJETIVOS DE CALIDAD','','2016-04-20 05:04:41','Documento nuevo','Se creó el documento','cmburboa','NA','1.0','NA'),(103,76,'ROL DE COMITES','','2016-04-20 06:04:10','Documento nuevo','Se creó el documento','cmburboa','NA','1.0','NA'),(104,77,'RECOMENDACIONES DE CARGA','','2016-04-20 06:04:52','Documento nuevo','Se creó el documento','cmburboa','NA','2.0','NA'),(105,78,'TIEMPOS Y KMS POR RUTA','','2016-04-20 06:04:58','Documento nuevo','Se creó el documento','cmburboa','NA','4.0','NA'),(106,79,'PROGRAMA DE AUDITORIAS INTERNAS','','2016-04-25 08:04:38','Documento nuevo','Se creó el documento','cmburboa','NA','3.0','NA'),(107,80,'RELACION GASOLINERAS','','2016-04-25 08:04:19','Documento nuevo','Se creó el documento','cmburboa','NA','2.0','NA'),(108,81,'TABLA DE INSTRUCCIONES ESPECIALES POR CLIENTE','','2016-04-25 08:04:10','Documento nuevo','Se creó el documento','cmburboa','NA','0.0','NA'),(109,82,'TABLA DE FIRMAS AUTORIZADAS PARA SALIDAS DE TRACTOS Y REMOLQUES','','2016-04-25 08:04:23','Documento nuevo','Se creó el documento','cmburboa','NA','1.0','NA'),(110,83,'DEFINICION DE MACROS','','2016-04-25 08:04:18','Documento nuevo','Se creó el documento','cmburboa','NA','1.0','NA'),(111,84,'CLIENTES CUENTAS NACIONALES','','2016-04-25 08:04:07','Documento nuevo','Se creó el documento','cmburboa','NA','3.0','NA'),(112,85,'ACTIVIDADES DIARIAS JEFES DE FLOTILLA','','2016-04-25 08:04:07','Documento nuevo','Se creó el documento','cmburboa','NA','0.0','NA'),(113,86,'INSTRUCCIONES PARA IMPRESION DE CROQUIS','','2016-04-25 08:04:14','Documento nuevo','Se creó el documento','cmburboa','NA','0.0','NA'),(114,87,'INSTRUCCIONES CAJEME PRODUCTOS','','2016-04-25 08:04:18','Documento nuevo','Se creó el documento','cmburboa','NA','0.0','NA'),(115,88,'INSTRUCCIONES RANCHO EL 17','','2016-04-25 08:04:49','Documento nuevo','Se creó el documento','cmburboa','NA','0.0','NA'),(116,89,'TABLA DE INSTRUCCIONES ESPECIALES DE NOGALES','','2016-04-25 09:04:17','Documento nuevo','Se creó el documento','cmburboa','NA','1.0','NA'),(117,90,'INSTRUCCIONES NORSON','','2016-04-25 09:04:32','Documento nuevo','Se creó el documento','cmburboa','NA','6.0','NA'),(118,91,'INSTRUCCIONES SASA','','2016-04-25 09:04:02','Documento nuevo','Se creó el documento','cmburboa','NA','2.0','NA'),(119,92,'INSTRUCCIONES KOWI','','2016-04-25 09:04:33','Documento nuevo','Se creó el documento','cmburboa','NA','1.0','NA'),(120,93,'INSTRUCCIONES CARNES CARRANZA','','2016-04-25 09:04:02','Documento nuevo','Se creó el documento','cmburboa','NA','0.0','NA'),(121,94,'INSTRUCCIONES VIAJES DE MANGO','','2016-04-25 09:04:31','Documento nuevo','Se creó el documento','cmburboa','NA','2.0','NA'),(122,95,'INSTRUCCIONES MEXPRESS (GDL)','','2016-04-25 09:04:26','Documento nuevo','Se creó el documento','cmburboa','NA','0.0','NA'),(123,96,'INSTRUCCIONES MEXPRESS (MEX)','','2016-04-25 09:04:15','Documento nuevo','Se creó el documento','cmburboa','NA','1.0','NA'),(124,97,'INSTRUCCIONES NESTLE','','2016-04-25 09:04:55','Documento nuevo','Se creó el documento','cmburboa','NA','1.0','NA'),(125,98,'INSTRUCCIONES PEDRO DOMECQ','','2016-04-25 09:04:53','Documento nuevo','Se creó el documento','cmburboa','NA','0.0','NA'),(126,99,'PERFIL DE PUESTOS','','2016-04-25 09:04:55','Documento nuevo','Se creó el documento','cmburboa','NA','5.0','NA'),(127,100,'MANUAL DE PANTALLAS SOAL','','2016-04-25 10:04:21','Documento nuevo','Se creó el documento','cmburboa','NA','1.0','NA'),(128,101,'CARTAS DESCRIPTIVAS DE PUESTOS','','2016-04-25 10:04:45','Documento nuevo','Se creó el documento','cmburboa','NA','9.0','NA'),(129,102,'MANUAL PARA LA ELABORACION DE ORGANIGRAMAS','','2016-04-25 05:04:47','Documento nuevo','Se creó el documento','cmburboa','NA','0.0','NA'),(130,103,'INSTRUCCION PARA EL REPORTE DE REMOLQUES','','2016-04-25 05:04:55','Documento nuevo','Se creó el documento','cmburboa','NA','1.0','NA'),(131,104,'INSTRUCCION PARA ENTREGA DE EFECTIVO SIN TARJETA','','2016-04-25 05:04:57','Documento nuevo','Se creó el documento','cmburboa','NA','1.0','NA'),(132,105,'INSTRUCCION PARA DEPOSITOS DETALLADO','','2016-04-25 05:04:07','Documento nuevo','Se creó el documento','cmburboa','NA','1.0','NA'),(133,106,'INSTRUCCION PARA ERRORES EN TRANSFERENCIAS','','2016-04-25 05:04:27','Documento nuevo','Se creó el documento','cmburboa','NA','0.0','NA'),(134,107,'REGLAS PARA ASIGNACION DE TURNOS DE LIQUIDACIONES','','2016-04-25 05:04:41','Documento nuevo','Se creó el documento','cmburboa','NA','0.0','NA'),(135,108,'INSTRUCCION PARA REALIZAR REPORTE DE PUNTUALIDAD','','2016-04-25 05:04:48','Documento nuevo','Se creó el documento','cmburboa','NA','1.0','NA'),(136,109,'PRE INSPECCION DE VIAJES','','2016-04-25 05:04:22','Documento nuevo','Se creó el documento','cmburboa','NA','0.0','NA'),(137,110,'INSTRUCCION PARA BAJAR INFORMACION DE TRACTOS','','2016-04-25 05:04:18','Documento nuevo','Se creó el documento','cmburboa','NA','0.0','NA'),(138,111,'PLAN DE CALIDAD','','2016-04-25 05:04:12','Documento nuevo','Se creó el documento','cmburboa','NA','2.0','NA'),(139,112,'INSTRUCCION PARA INSPECCION DE REMOLQUE Y THERMO','','2016-04-25 05:04:05','Documento nuevo','Se creó el documento','cmburboa','NA','0.0','NA'),(140,113,'INSTRUCCION PARA ENTERARSE DE CAMBIOS','','2016-04-25 05:04:49','Documento nuevo','Se creó el documento','cmburboa','NA','0.0','NA'),(141,114,'INSTRUCCION PARA ENTREGA DE BARRAS EN ALPRO','','2016-04-25 05:04:18','Documento nuevo','Se creó el documento','cmburboa','NA','0.0','NA'),(142,115,'INSTRUCCION PARA DEVOLUCIONES DE MERCANCIA','','2016-04-25 05:04:54','Documento nuevo','Se creó el documento','cmburboa','NA','0.0','NA'),(143,116,'TABLA DE INSTRUCCIONES PARA EL REGRESO DE EVIDENCIAS POR EL CLIENTE','','2016-04-25 05:04:52','Documento nuevo','Se creó el documento','cmburboa','NA','2.0','NA'),(144,117,'PROCEDIMIENTO PARA DETERMINAR DEMORAS Y DEMORADOS','','2016-04-25 05:04:19','Documento nuevo','Se creó el documento','cmburboa','NA','0.0','NA'),(145,118,'PROCEDIMIENTO PARA DAR FONACOT','','2016-04-25 05:04:51','Documento nuevo','Se creó el documento','cmburboa','NA','0.0','NA'),(146,119,'INSTRUCCIONES RESGUARDO DE MERCANCIA EN SAN EMETERIO','','2016-04-25 05:04:55','Documento nuevo','Se creó el documento','cmburboa','NA','0.0','NA'),(147,120,'PROCEDIMIENTO PARA EL CONTROL DE DIESEL DEL THERMO PARA CARGA REFRIGERADA','','2016-04-25 05:04:19','Documento nuevo','Se creó el documento','cmburboa','NA','0.0','NA'),(148,121,'PROCEDIMIENTO CANACAR','','2016-04-25 05:04:21','Documento nuevo','Se creó el documento','cmburboa','NA','0.0','NA'),(149,122,'PROCEDIMIENTO PLANES DE ACCION','','2016-04-25 05:04:03','Documento nuevo','Se creó el documento','cmburboa','NA','0.0','NA'),(150,123,'PROCEDIMIENTO CLIMA ORGANIZACIONAL','','2016-04-25 05:04:12','Documento nuevo','Se creó el documento','cmburboa','NA','0.0','NA'),(151,124,'PLAN DE CONTINGENCIA POR PANDEMIA','','2016-04-25 05:04:43','Documento nuevo','Se creó el documento','cmburboa','NA','0.0','NA'),(152,125,'PLAN DE CONTINUIDAD DEL NEGOCIO','','2016-04-25 05:04:43','Documento nuevo','Se creó el documento','cmburboa','NA','0.0','NA'),(154,59,'POLITICAS DIESEL','DT-SOP-POL5','2016-05-20 17:05:27','Se actualizaron las politicas de rendimiento','se ampliaron criterios','cmburboa','2.0','3.0','Rev.2.0-DT-SOP-POL5.ppt'),(156,36,'PROCEDIMIENTO DE ASCENSOS, CAMBIO DE FLOTILLA Y CAMBIO DE MANOS','DT-SOP-PROC32','2016-06-06 17:04:50','actualización de la parte de cambio de manos','se contempla al inspector de mantenimiento para llenar también el formato de cambio de manos.','cmburboa','5.0','6.0','Rev.5.0-DT-SOP-PROC32.pptx'),(158,126,'POLITICA DE PRESTAMOS A OPERADORES','DT-SOP-POL15','2016-06-08 13:07:47','Documento nuevo','Se creó el documento','cmburboa','NA','0.0','NA'),(159,127,'FORMATO PARA MINUTA DE JUNTA','DT-CAL-DIR1','2016-06-10 09:05:30','Documento nuevo','Se creó el documento','cmburboa','NA','2.0','NA'),(160,128,'FORMATO DE LISTA DE ASISTENCIA','DT-CAL-ISO5','2016-06-10 09:24:34','Documento nuevo','Se creó el documento','cmburboa','NA','0.0','NA'),(161,129,'INSTRUCCION PARA VIAJE DE CANALES RICER NORSON','DT-OP-INS22','2016-06-10 16:08:42','Documento nuevo','Se creó el documento','cmburboa','NA','0.0','NA'),(162,130,'ACTA DE AUDITORIA A GASOLINERA','DT-SOP-INS15','2016-06-10 16:19:08','Documento nuevo','Se creó el documento','cmburboa','NA','2.0','NA'),(163,131,'LISTA DE VERIFICACION A ESTACIONES DE SERVICIO','DT-SOP-MTO16','2016-06-10 16:35:28','Documento nuevo','Se creó el documento','cmburboa','NA','0.0','NA'),(164,132,'PROCEDIMIENTO DE CAPACITACION A OPERADORES','DT-SOP-PROC7','2016-06-10 17:47:22','Documento nuevo','Se creó el documento','cmburboa','NA','7.0','NA'),(165,133,'LISTA DE ASISTENCIA A CURSO DE CAPACITACION','DT-SOP-INS1','2016-06-10 17:52:00','Documento nuevo','Se creó el documento','cmburboa','NA','1.0','NA'),(166,134,'DIPLOMA','DT-SOP-INS2','2016-06-10 17:57:46','Documento nuevo','Se creó el documento','cmburboa','NA','1.0','NA'),(167,135,'LOGISTICA Y HORARIOS','DT-SOP-INS3','2016-06-10 18:00:53','Documento nuevo','Se creó el documento','cmburboa','NA','1.0','NA'),(168,136,'EVALUACION DE SATISFACCION DEL CURSO','DT-SOP-INS4','2016-06-10 18:03:19','Documento nuevo','Se creó el documento','cmburboa','NA','0.0','NA'),(169,137,'REPORTE DE TURNOS UNIDADES SUR Y CENTRO','DT-OP-ES1','2016-06-10 18:12:26','Documento nuevo','Se creó el documento','cmburboa','NA','1.0','NA'),(170,138,'PROGRAMA PACIFICO','DT-OP-ES2','2016-06-10 18:15:25','Documento nuevo','Se creó el documento','cmburboa','NA','2.0','NA'),(171,139,'FORMATO DE ASIGNACIONES','DT-SOP-ES4','2016-06-10 18:18:26','Documento nuevo','Se creó el documento','cmburboa','NA','3.0','NA'),(172,140,'REGISTRO DE NO CONFORMIDADES Y ACCIONES CORRECTIVAS','DT-CAL-ISO1','2016-06-10 18:22:15','Documento nuevo','Se creó el documento','cmburboa','NA','4.0','NA'),(173,141,'REGISTRO DE ACCIONES PREVENTIVAS','DT-CAL-ISO2','2016-06-10 18:31:37','Documento nuevo','Se creó el documento','cmburboa','NA','3.0','NA'),(174,142,'INFORME AUDITORIA','DT-CAL-ISO3','2016-06-11 11:12:57','Documento nuevo','Se creó el documento','cmburboa','NA','1.0','NA'),(175,143,'REGISTRO DE OBSERVACIONES','DT-CAL-ISO4','2016-06-11 11:15:44','Documento nuevo','Se creó el documento','cmburboa','NA','1.0','NA'),(176,144,'LISTA DE VERIFICACION','DT-CAL-ISO6','2016-06-11 11:27:38','Documento nuevo','Se creó el documento','cmburboa','NA','2.0','NA'),(177,145,'PLAN DE AUDITORIA INTERNA','DT-CAL-ISO7','2016-06-11 11:31:47','Documento nuevo','Se creó el documento','cmburboa','NA','1.0','NA'),(178,146,'SUGERENCIA DE MEJORA','DT-CAL-ISO9','2016-06-11 11:43:29','Documento nuevo','Se creó el documento','cmburboa','NA','4.0','NA'),(179,147,'CRONOGRAMA PARA PROYECTOS DE MEJORA','DT-CAL-ISO10','2016-06-11 11:47:34','Documento nuevo','Se creó el documento','cmburboa','NA','1.0','NA'),(180,148,'PLAN DE ACCION','DT-CAL-ISO11','2016-06-11 11:51:13','Documento nuevo','Se creó el documento','cmburboa','NA','1.0','NA'),(181,149,'CONCENTRADO DE ACTIVIDADES DE MEJORA CONTINUA','DT-CAL-ISO12','2016-06-11 11:53:06','Documento nuevo','Se creó el documento','cmburboa','NA','1.0','NA'),(182,150,'CONCENTRADO DE COMENTARIOS Y SUGERENCIAS DE MEJORA','DT-CAL-RH1','2016-06-11 12:11:22','Documento nuevo','Se creó el documento','cmburboa','NA','1.0','NA'),(183,151,'CONCENTRADO DE RESPUESTAS A COMENTARIOS Y SUGERENCIAS DE MEJORA','DT-CAL-RH4','2016-06-11 12:14:27','Documento nuevo','Se creó el documento','cmburboa','NA','0.0','NA'),(184,152,'LISTA MAESTRA DE LETREROS','DT-CAL-ISO14','2016-06-11 12:18:44','Documento nuevo','Se creó el documento','cmburboa','NA','1.0','NA'),(185,153,'LISTADO MAESTRO ENTREGAS MANUAL DE PROCEDIMIENTOS SGC','DT-CAL-ISO15','2016-06-11 12:21:18','Documento nuevo','Se creó el documento','cmburboa','NA','0.0','NA'),(186,154,'CONTROL DE CAMBIOS','DT-CAL-ISO17','2016-06-11 12:23:31','Documento nuevo','Se creó el documento','cmburboa','NA','1.0','NA'),(187,155,'NOTIFICACION DE CAMBIO DE PROCEDIMIENTO','DT-CAL-ISO18','2016-06-11 12:26:25','Documento nuevo','Se creó el documento','cmburboa','NA','2.0','NA'),(188,156,'LISTA MAESTRA DE REGISTROS DE CALIDAD','DT-CAL-ISO19','2016-06-11 12:31:02','Documento nuevo','Se creó el documento','cmburboa','NA','12.0','NA'),(189,157,'EVALUACION A AREAS DE SOPORTE','DT-CAL-ISO20','2016-06-11 12:35:06','Documento nuevo','Se creó el documento','cmburboa','NA','0.0','NA'),(190,158,'MINUTA JUNTA DIARIA','DT-CAL-ISO21','2016-06-11 12:37:25','Documento nuevo','Se creó el documento','cmburboa','NA','5.0','NA'),(191,159,'FORMATO DE CONTROL DE DOCUMENTOS EXTERNOS','DT-CAL-ISO22','2016-06-11 12:39:47','Documento nuevo','Se creó el documento','cmburboa','NA','0.0','NA'),(192,160,'LISTA MAESTRA DE DOCUMENTOS EXTERNOS','DT-CAL-ISO23','2016-06-11 12:41:58','Documento nuevo','Se creó el documento','cmburboa','NA','0.0','NA'),(193,161,'PENDIENTES JUNTA DIARIA','DT-CAL-ISO24','2016-06-11 12:43:46','Documento nuevo','Se creó el documento','cmburboa','NA','0.0','NA'),(194,162,'SEGUIMIENTO A NC DE AUDITORIA','DT-CAL-ISO25','2016-06-11 12:46:02','Documento nuevo','Se creó el documento','cmburboa','NA','1.0','NA'),(195,163,'EVALUACION A PROVEEDOR AUDITORIA','DT-CAL-ISO26','2016-06-11 12:56:40','Documento nuevo','Se creó el documento','cmburboa','NA','0.0','NA'),(196,164,'PROYECTOS DE EFICIENCIA','DT-CAL-ISO27','2016-06-11 12:59:36','Documento nuevo','Se creó el documento','cmburboa','NA','0.0','NA'),(197,165,'LISTA DE VERIFICACION PARA LA REVISION AL SISTEMA','DT-CAL-DIR2','2016-06-11 13:03:10','Documento nuevo','Se creó el documento','cmburboa','NA','0.0','NA'),(198,166,'LISTA DE VERIFICACION DE ELEMENTOS DE ENTRADA DE UNA RUTA DE VIAJE','DT-SOP-VTA1','2016-06-11 13:07:34','Documento nuevo','Se creó el documento','cmburboa','NA','1.0','NA'),(199,167,'FORMATO PARA VIAJE DE PRUEBA','DT-SOP-VTA3','2016-06-11 13:17:03','Documento nuevo','Se creó el documento','cmburboa','NA','0.0','NA'),(200,168,'CARTA DE ENTREGA DE PUESTO','DT-CAL-DIR3','2016-06-13 11:15:17','Documento nuevo','Se creó el documento','cmburboa','NA','0.0','NA'),(201,169,'FORMATO DE CAMION COMPLETO NACIONAL','DT-CAL-ATC3','2016-06-13 11:19:59','Documento nuevo','Se creó el documento','cmburboa','NA','6.0','NA'),(202,170,'FORMATO DE CC INTERNACIONAL','DT-CAL-ATC4','2016-06-13 11:22:09','Documento nuevo','Se creó el documento','cmburboa','NA','5.0','NA'),(203,171,'MATRIZ DE FORMACION','DT-CAL-RH5','2016-06-13 11:25:40','Documento nuevo','Se creó el documento','cmburboa','NA','1.0','NA'),(204,172,'REPORTE CONSOLIDADO','DT-OP-ST1','2016-06-13 11:31:16','Documento nuevo','Se creó el documento','cmburboa','NA','1.0','NA'),(205,173,'INDICADORES PARA JUNTA','DT-CAL-JF3','2016-06-13 12:39:03','Documento nuevo','Se creó el documento','cmburboa','NA','6.0','NA'),(206,174,'REPORTE DE ACCIDENTE DEL OPERADOR','DT-OP-SEG1','2016-06-13 16:07:54','Documento nuevo','Se creó el documento','cmburboa','NA','1.0','NA'),(207,175,'FICHA DE ACCIDENTE TPITIC','DT-OP-SEG2','2016-06-13 16:15:34','Documento nuevo','Se creó el documento','cmburboa','NA','1.0','NA'),(208,176,'REPORTE DE SINIESTRALIDAD','DT-OP-SEG3','2016-06-13 16:20:27','Documento nuevo','Se creó el documento','cmburboa','NA','1.0','NA'),(209,177,'FORMATO DE APLICACION DE POLITICAS DE SINIESTRALIDAD','DT-OP-SEG4','2016-06-13 16:24:02','Documento nuevo','Se creó el documento','cmburboa','NA','1.0','NA'),(210,178,'PROCEDIMIENTO PARA EVALUACION DEL DESEMPEÑO','DT-SOP-PROC23','2016-06-13 16:29:41','Documento nuevo','Se creó el documento','cmburboa','NA','2.0','NA'),(211,179,'EVALUACION DEL DESEMPEÑO','DT-CAL-RH7','2016-06-13 16:36:53','Documento nuevo','Se creó el documento','cmburboa','NA','1.0','NA'),(212,180,'PROGRAMA DE TRABAJO MENSUAL','DT-SOP-INS5','2016-06-13 16:44:00','Documento nuevo','Se creó el documento','cmburboa','NA','1.0','NA'),(213,181,'CONSOLIDADO DE VEHICULOS Y OPERADORES SUPERVISADOS','DT-SOP-INS10','2016-06-13 17:47:41','Documento nuevo','Se creó el documento','cmburboa','NA','1.0','NA'),(214,182,'CONTROL DE EVALUACIONES POR CURSO','DT-SOP-INS11','2016-06-13 17:53:34','Documento nuevo','Se creó el documento','cmburboa','NA','1.0','NA'),(215,183,'EVALUACION DE MANEJO INICIAL','DT-SOP-INS12','2016-06-13 17:56:31','Documento nuevo','Se creó el documento','cmburboa','NA','1.0','NA'),(216,184,'EXAMEN TEORICO ASPIRANTES A OPERADOR','DT-SOP-INS13','2016-06-13 18:01:16','Documento nuevo','Se creó el documento','cmburboa','NA','1.0','NA'),(217,185,'EXAMEN SERVICIO AL CLIENTE','DT-SOP-INS18','2016-06-13 18:13:33','Documento nuevo','Se creó el documento','cmburboa','NA','1.0','NA'),(218,186,'REPORTE DIARIO DE CAPACITACION','DT-SOP-INS19','2016-06-14 10:42:43','Documento nuevo','Se creó el documento','cmburboa','NA','1.0','NA'),(219,187,'FIRMA DE OPERADORES','DT-SOP-INS21','2016-06-14 10:55:47','Documento nuevo','Se creó el documento','cmburboa','NA','1.0','NA'),(220,188,'REPORTE DE SEGUIMIENTO A OPERADORES CAPACITADOS','DT-SOP-INS22','2016-06-14 10:57:54','Documento nuevo','Se creó el documento','cmburboa','NA','1.0','NA'),(221,189,'REPORTE DE TRABAJO MENSUAL','DT-SOP-INS23','2016-06-14 11:00:50','Documento nuevo','Se creó el documento','cmburboa','NA','1.0','NA'),(222,190,'REPORTE DE TRABAJO SEMANAL','DT-SOP-INS24','2016-06-14 11:04:11','Documento nuevo','Se creó el documento','cmburboa','NA','1.0','NA'),(223,191,'SOPORTE PROGRAMA MENSUAL DE TRABAJO','DT-SOP-INS25','2016-06-14 11:06:08','Documento nuevo','Se creó el documento','cmburboa','NA','1.0','NA'),(224,192,'CONTROL PERSONALIZADO','DT-SOP-INS26','2016-06-14 11:08:11','Documento nuevo','Se creó el documento','cmburboa','NA','1.0','NA'),(225,193,'EVALUACION INICIAL DE MANIOBRAS A CANDIDATOS A OPERADOR','DT-SOP-INS27','2016-06-14 11:11:05','Documento nuevo','Se creó el documento','cmburboa','NA','1.0','NA'),(226,194,'ENCUESTA DE ACOMPAÑAMIENTO','DT-SOP-INS28','2016-06-14 11:15:16','Documento nuevo','Se creó el documento','cmburboa','NA','0.0','NA'),(227,195,'EXAMEN TECNICAS PROFESIONALES DE MANEJO','DT-SOP-INS29','2016-06-14 11:17:55','Documento nuevo','Se creó el documento','cmburboa','NA','0.0','NA'),(228,196,'EXAMEN DE ECONOMIA DE COMBUSTIBLE','DT-SOP-INS30','2016-06-14 11:19:23','Documento nuevo','Se creó el documento','cmburboa','NA','0.0','NA'),(229,197,'MANUAL LIQUIDACIONES JEFES DE FLOTILLA (TABLA DE AUTORIZACION DE GASTOS)','DT-OP-TAB5','2016-06-14 13:07:05','Documento nuevo','Se creó el documento','cmburboa','NA','1.0','NA'),(230,198,'EXAMEN DE COMBUSTION BASICA Y FACTORES RELACIONADOS','DT-SOP-INS31','2016-06-15 16:28:00','Documento nuevo','Se creó el documento','cmburboa','NA','0.0','NA'),(231,199,'EXAMEN DE REFRIGERACION BASICA','DT-SOP-INS32','2016-06-15 16:55:08','Documento nuevo','Se creó el documento','cmburboa','NA','0.0','NA'),(232,200,'EXAMEN DE CONOCIMIENTOS DE LLANTAS','DT-SOP-INS33','2016-06-15 16:58:48','Documento nuevo','Se creó el documento','cmburboa','NA','0.0','NA'),(233,201,'EXAMEN DE MANIOBRAS','DT-SOP-INS34','2016-06-15 17:09:22','Documento nuevo','Se creó el documento','cmburboa','NA','0.0','NA'),(234,202,'EXAMEN DE PRACTICAS DE MANIOBRAS','DT-SOP-INS35','2016-06-17 15:31:19','Documento nuevo','Se creó el documento','cmburboa','NA','0.0','NA'),(235,203,'MEDIDAS DE SEGURIDAD','DT-SOP-INS23','2016-06-17 16:36:23','Documento nuevo','Se creó el documento','cmburboa','NA','0.0','NA'),(236,204,'EXAMEN DE FULL','DT-SOP-INS36','2016-06-18 10:02:29','Documento nuevo','Se creó el documento','cmburboa','NA','0.0','NA'),(237,205,'EXAMEN DE MANEJO DEFENSIVO','DT-SOP-INS37','2016-06-18 10:20:11','Documento nuevo','Se creó el documento','cmburboa','NA','0.0','NA'),(238,206,'CONTROL INTERNO PARA LA ENTREGA DE PUNTOS DE SEGURIDAD A OPERADORES','DT-SOP-INS38','2016-06-18 10:22:40','Documento nuevo','Se creó el documento','cmburboa','NA','0.0','NA'),(239,207,'SIN LIQUIDAR DIARIO','DT-SOP-LIQ1','2016-06-18 10:27:10','Documento nuevo','Se creó el documento','cmburboa','NA','1.0','NA'),(240,208,'CHECKLIST SEMANAL HLO','DT-SOP-LIQ3','2016-06-18 10:35:01','Documento nuevo','Se creó el documento','cmburboa','NA','1.0','NA'),(241,209,'CONTROL DE TURNOS LIQUIDACIONES','DT-SOP-LIQ5','2016-06-18 10:38:12','Documento nuevo','Se creó el documento','cmburboa','NA','1.0','NA'),(242,210,'COSTOS SEMANAL','DT-SOP-LIQ9','2016-06-18 10:42:34','Documento nuevo','Se creó el documento','cmburboa','NA','0.0','NA'),(243,211,'ACTAS PENDIENTES POR FIRMAR','DT-SOP-LIQ10','2016-06-18 10:45:23','Documento nuevo','Se creó el documento','cmburboa','NA','0.0','NA'),(244,212,'REPORTE DIARIO DE REMOLQUES','DT-SOP-MTO1','2016-06-18 10:50:19','Documento nuevo','Se creó el documento','cmburboa','NA','0.0','NA'),(245,213,'REPORTE DIARIO DE TRACTOS','DT-SOP-MTO2','2016-06-18 10:51:53','Documento nuevo','Se creó el documento','cmburboa','NA','1.0','NA'),(246,214,'EVALUACION DE PROVEEDORES TALLER','DT-SOP-MTO3','2016-06-18 10:54:13','Documento nuevo','Se creó el documento','cmburboa','NA','0.0','NA'),(247,215,'FORMATO DE REPORTE DE TRABAJOS A TALLER DE TRACTORES','DT-SOP-MTO4','2016-06-18 11:00:21','Documento nuevo','Se creó el documento','cmburboa','NA','0.0','NA'),(248,216,'ORDEN DE COMPRA','DT-SOP-MTO5','2016-06-18 11:03:42','Documento nuevo','Se creó el documento','cmburboa','NA','0.0','NA'),(249,217,'ORDEN DE REPARACION','DT-SOP-MTO6','2016-06-18 11:06:02','Documento nuevo','Se creó el documento','cmburboa','NA','0.0','NA'),(250,218,'GASTOS POR MANTENIMIENTO SEMANAL','DT-SOP-MTO7','2016-06-18 11:16:36','Documento nuevo','Se creó el documento','cmburboa','NA','0.0','NA'),(251,219,'INDICADORES DE MANTENIMIENTO','DT-SOP-MTO8','2016-06-18 11:19:12','Documento nuevo','Se creó el documento','cmburboa','NA','0.0','NA'),(252,220,'FORMATO DE INSPECCION DE REMOLQUES','DT-SOP-MTO9','2016-06-18 11:21:37','Documento nuevo','Se creó el documento','cmburboa','NA','0.0','NA'),(253,221,'FORMATO INSPECCION DE TRACTO','DT-SOP-MTO11','2016-06-18 11:23:42','Documento nuevo','Se creó el documento','cmburboa','NA','0.0','NA'),(254,222,'FORMATO DE INSPECCION DE LLANTAS','DT-SOP-MTO12','2016-06-18 11:27:44','Documento nuevo','Se creó el documento','cmburboa','NA','0.0','NA'),(255,223,'PROGRAMA MANTENIMIENTO TRACTOS','DT-SOP-MTO12','2016-06-18 11:33:37','Documento nuevo','Se creó el documento','cmburboa','NA','0.0','NA'),(256,224,'PROGRAMA MANTENIMIENTO REMOLQUES','DT-SOP-MTO13','2016-06-18 11:42:14','Documento nuevo','Se creó el documento','cmburboa','NA','0.0','NA'),(257,225,'CONTROL DIESEL THERMO CARGA REFRIGERADA','DT-SOP-MTO14','2016-06-18 11:47:37','Documento nuevo','Se creó el documento','cmburboa','NA','0.0','NA'),(258,226,'PROCEDIMIENTO PARA CARGA DE DIESEL A THERMOS EN ALPRO','DT-SOP-PROC57','2016-06-18 11:52:36','Documento nuevo','Se creó el documento','cmburboa','NA','0.0','NA'),(259,227,'FORMATO DE RELLENO DE THERMOS','DT-SOP-MTO15','2016-06-18 11:54:20','Documento nuevo','Se creó el documento','cmburboa','NA','0.0','NA'),(260,228,'FORMATO DE GASTOS AUTORIZADOS','DT-OP-JF11','2016-06-18 11:59:35','Documento nuevo','Se creó el documento','cmburboa','NA','0.0','NA'),(261,229,'ANALISIS DE CONDUCCION TECNICA','DT-SOP-INS6','2016-06-18 12:30:41','Documento nuevo','Se creó el documento','cmburboa','NA','1.0','NA'),(262,230,'ANALISIS MANEJO DEFENSIVO','DT-SOP-INS7','2016-06-18 12:32:34','Documento nuevo','Se creó el documento','cmburboa','NA','1.0','NA'),(263,231,'AUDITORIA DEL VEHICULO','DT-SOP-INS9','2016-06-18 12:36:01','Documento nuevo','Se creó el documento','cmburboa','NA','0.0','NA'),(264,232,'MEDICION DE TIEMPOS Y DISTANCIAS DE RUTA','DT-SOP-INS14','2016-06-18 12:37:54','Documento nuevo','Se creó el documento','cmburboa','NA','0.0','NA'),(265,233,'ENTREVISTA CANDIDATOS A OPERADOR','DT-SOP-INS16','2016-06-18 12:39:45','Documento nuevo','Se creó el documento','cmburboa','NA','1.0','NA'),(266,234,'EXAMEN DE REGLAMENTOS Y SEÑALAMIENTOS VIALES','DT-SOP-INS17','2016-06-18 12:41:59','Documento nuevo','Se creó el documento','cmburboa','NA','1.0','NA'),(267,235,'CONCENTRADO DE EVALUACIONES POR GRUPO','DT-SOP-INS20','2016-06-18 12:43:34','Documento nuevo','Se creó el documento','cmburboa','NA','1.0','NA'),(268,236,'CERTIFICACION DE OPERADORES','DT-CAL-AD3','2016-06-20 12:17:24','Documento nuevo','Se creó el documento','cmburboa','NA','0.0','NA'),(269,237,'ACTA A OPERADORES','DT-SOP-JF6','2016-06-20 12:19:07','Documento nuevo','Se creó el documento','cmburboa','NA','1.0','NA'),(270,238,'RECIBO Y ENTREGA TRACTOCAMION','DT-CAL-JF4','2016-06-20 12:23:11','Documento nuevo','Se creó el documento','cmburboa','NA','5.0','NA'),(271,239,'CONSOLIDADO DE ACTAS ADMINISTRATIVAS','DT-SOP-JF13','2016-06-20 12:25:38','Documento nuevo','Se creó el documento','cmburboa','NA','0.0','NA'),(272,240,'INVENTARIO DE BARRAS','DT-SOP-JF16','2016-06-20 12:38:29','Documento nuevo','Se creó el documento','cmburboa','NA','0.0','NA'),(273,241,'APLICACION DE POLITICAS','DT-SOP-JF17','2016-06-20 12:40:22','Documento nuevo','Se creó el documento','cmburboa','NA','1.0','NA'),(274,242,'FOLIOS','DT-SOP-JF18','2016-06-20 12:42:25','Documento nuevo','Se creó el documento','cmburboa','NA','0.0','NA'),(275,243,'RECIBO DE BARRAS','DT-SOP-JF19','2016-06-20 12:44:15','Documento nuevo','Se creó el documento','cmburboa','NA','0.0','NA'),(276,244,'FORMATO BAJA DE OPERADORES','DT-SOP-JF20','2016-06-20 12:51:03','Documento nuevo','Se creó el documento','cmburboa','NA','2.0','NA'),(277,245,'FACTURACION SERVICIO DEDICADO KOWI','DT-SOP-JF21','2016-06-20 12:57:04','Documento nuevo','Se creó el documento','cmburboa','NA','0.0','NA'),(278,246,'FORMATO BAJA DE OPERADORES DEDICADO','DT-SOP-JF22','2016-06-20 13:00:09','Documento nuevo','Se creó el documento','cmburboa','NA','0.0','NA'),(279,247,'CARNICOS DIARIOS','DT-OP-ST3','2016-06-20 16:39:23','Documento nuevo','Se creó el documento','cmburboa','NA','0.0','NA'),(280,248,'C RANCHO 17','DT-OP-ST5','2016-06-20 16:41:31','Documento nuevo','Se creó el documento','cmburboa','NA','0.0','NA'),(281,249,'FACTURACION DIARIA','DT-OP-ES11','2016-06-20 16:44:48','Documento nuevo','Se creó el documento','cmburboa','NA','0.0','NA'),(282,250,'ANALISIS DE CRUCES','DT-OP-GL1','2016-06-20 16:48:22','Documento nuevo','Se creó el documento','cmburboa','NA','1.0','NA'),(283,251,'LOGISTICA 3 DIAS','DT-OP-GL2','2016-06-20 16:53:16','Documento nuevo','Se creó el documento','cmburboa','NA','1.0','NA'),(284,252,'INVENTARIO DE REMOLQUES','DT-CAL-AD10','2016-06-20 16:56:57','Documento nuevo','Se creó el documento','cmburboa','NA','0.0','NA'),(285,253,'CONTROL AUDITORIAS A GASOLINERAS','DT-SOP-DLL1','2016-06-20 16:59:59','Documento nuevo','Se creó el documento','cmburboa','NA','0.0','NA'),(286,254,'REQUISICION DE COMPRAS','DT-SOP-DIR1','2016-06-20 17:02:48','Documento nuevo','Se creó el documento','cmburboa','NA','0.0','NA'),(287,255,'DENUNCIA','DT-XX-XX1','2016-06-20 17:07:05','Documento nuevo','Se creó el documento','cmburboa','NA','0.0','NA'),(288,169,'FORMATO DE CAMION COMPLETO NACIONAL','DT-CAL-ATC3-R','2016-06-21 07:54:56','cambio de formato','cambio de logos, acomodos, formato de xls a docx','cmburboa','6.0','7.0','Rev.6.0-DT-CAL-ATC3-R.xls'),(289,256,'INSTRUCCIONES ESPECIALES WALMART CULIACAN','DT-OP-TAB28','2016-06-21 12:12:43','Documento nuevo','Se creó el documento','cmburboa','NA','0.0','NA'),(290,257,'INSTRUCCIONES ESPECIALES EXPEDITORS','DT-OP-TAB31','2016-06-22 16:14:09','Documento nuevo','Se creó el documento','cmburboa','NA','0.0','NA'),(291,258,'CALIBRACION DE JARRAS PATRON','DT-OP-SEG5','2016-07-01 11:53:28','Documento nuevo','Se creó el documento','cmburboa','NA','0.0','NA'),(292,259,'POLITICA DE AUSENTISMO','DT-SOP-POL17','2016-07-07 08:51:18','Documento nuevo','Se creó el documento','cmburboa','NA','0.0','NA'),(293,260,'PROCEDIMIENTO PARA SEGUIMIENTO DE AUSENTISMOS','DT-SOP-PROC60','2016-07-07 09:06:46','Documento nuevo','Se creó el documento','cmburboa','NA','0.0','NA'),(294,261,'PROCEDIMIENTO PARA BAJAS DE OPERADORES','DT-SOP-PROC59','2016-07-12 10:54:45','Documento nuevo','Se creó el documento','cmburboa','NA','0.0','NA'),(295,262,'POLITICA DE PERMISOS A OPERADORES','DT-SOP-POL18','2016-07-12 10:56:54','Documento nuevo','Se creó el documento','cmburboa','NA','0.0','NA'),(296,238,'RECIBO Y ENTREGA TRACTOCAMION','DT-CAL-JF4-R','2016-08-01 10:42:43','Se actualizo el formato','se cambiaron las imágenes para mostrar golpes, se incluye la parte de los cedazos en los tanques, se quito información inecesaria','cmburboa','5.0','6.0','Rev.5.0-DT-CAL-JF4-R.xls'),(297,76,'ROL DE COMITES','DT-CAL-TAB3','2016-08-10 11:00:12','Actualización, se incluyen nuevos comites','Se incluyen los comites de retención de operadores, innovación y ESR','cmburboa','1.0','2.0','Rev.1.0-DT-CAL-TAB3.doc'),(298,16,'PROCEDIMIENTO PARA CONTROL DE REGISTROS DE CALIDAD','DT-CAL-PROC2','2016-08-12 16:15:56','actualización de como se almacenarán los registros','de hoy en adelante se utilizará un sistema basado en web para manejar los registros.','cmburboa','5.0','6.0','Rev.5.0-DT-CAL-PROC2.doc'),(299,8,'PROCEDIMIENTO PARA EL CONTROL DE DOCUMENTOS','DT-CAL-PROC1','2016-08-12 16:19:59','actualización','ahora se contempla que el control de los documentos se hará a través de la web','cmburboa','7.0','8.0','Rev.7.0-DT-CAL-PROC1.doc'),(300,2,'MANUAL DE CALIDAD','DT-CAL-M1','2016-08-12 16:33:27','Atualización en el manejo de archivos','se especifíca que el tratamiento de los archivos del sistema de calidad, ahora será a través de la web, por el sistema SGCPitic','cmburboa','14.0','15.0','Rev.14.0-DT-CAL-M1.doc'),(301,36,'PROCEDIMIENTO DE ASCENSOS, CAMBIO DE FLOTILLA Y CAMBIO DE MANOS','DT-SOP-PROC32','2016-08-12 16:38:38','Actualización de documentos, se contemplan mas aspectos a la hora del cambio de manos','Se incluyen aspectos como cuando se hace la entrega de tractos foránea, o  en talleres, lejos del encargado de entrega-recepción que es el inspector de calidad de tractos.','cmburboa','6.0','7.0','Rev.6.0-DT-SOP-PROC32.docx'),(302,263,'POLITICA DE ACCIDENTES PARA SANTA BARBARA','DT-OP-POL15','2016-08-13 09:49:56','Documento nuevo','Se creó el documento','cmburboa','NA','0.0','NA'),(303,264,'PROCEDIMIENTO PARA LA AUDITORIA DE BOMBAS','DT-SOP-PROC58','2016-01-10 09:59:21','Documento nuevo','Se creó el documento','cmburboa','NA','0.0','NA'),(320,266,'INSTRUCCIONES ESPECIALES EXPEDITORS HP','DT-OP-INS24','2016-08-19 16:35:48','Documento nuevo','Se creó el documento','cmburboa','NA','0.0','NA'),(321,267,'INSTRUCCIONES ESPECIALES EXPEDITORS AEROPUERTO','DT-OP-INS25','2016-08-19 16:44:36','Documento nuevo','Se creó el documento','cmburboa','NA','0.0','NA'),(322,197,'MANUAL LIQUIDACIONES JEFES DE FLOTILLA (TABLA DE AUTORIZACION DE GASTOS)','DT-OP-TAB5','2016-08-23 17:52:26','cambio de montos autorizados','se actualizaron los montos de la tabla de gastos','cmburboa','4.0','5.0','Rev.4.0-DT-OP-TAB5.xls'),(333,268,'INSTRUCCIONES BASICAS PARA VIAJES REFRIGERADOS','DT-CAL-INS8','2016-09-05 10:07:31','Documento nuevo','Se creó el documento','cmburboa','NA','1.0','NA'),(334,80,'RELACION GASOLINERAS','DT-OP-TAB8','2016-09-06 16:15:26','actualización','Se agrega la gasolinera Orsan','cmburboa','2.0','3.0','Rev.2.0-DT-OP-TAB8.xls'),(335,12,'PROCEDIMIENTO PARA MEDIR LA SATISFACCION DEL CLIENTE','DT-CAL-PROC10','2016-06-08 11:28:18','Actualizacion','Apoyo por parte de la dirección comerncial para realizar el procedimiento.','cmburboa','5.0','6.0','Rev.5.0-DT-CAL-PROC10.doc'),(336,269,'PROCESO PARA RECEPCION DE PIPA DE DIESEL','DT-SOP-INS39','2016-09-09 09:04:04','Documento nuevo','Se creó el documento','cmburboa','NA','0.0','NA'),(337,73,'PLANIFICACION DE LA REALIZACION DEL SERVICIO','DT-CAL-PLAN5','2016-09-09 12:17:56','actualizacion','se contempla el producto no conforme','cmburboa','4.0','5.0','Rev.4.0-DT-CAL-PLAN5.xls'),(338,270,'FORMATO DE EVALUACION A GASOLINERAS','DT-SOP-INS39','2015-01-01 09:47:37','Documento nuevo','Se creó el documento','cmburboa','NA','0.0','NA'),(339,267,'INSTRUCCIONES ESPECIALES EXPEDITORS AEROPUERTO','DT-OP-INS25','2016-09-15 10:17:52','se agrega requisito para la entrada al aeropuero','se agrega el requisito de llevar chaleco de seguridad reflejante color verde.','cmburboa','0.0','1.0','Rev.0.0-DT-OP-INS25.docx'),(340,154,'CONTROL DE CAMBIOS','DT-CAL-ISO17-R','2016-11-08 13:00:53','Logo anterior y formato anticuado','Nuevo logo y colores institucionales','jrosales','1.0','1.1','Rev.1.0-DT-CAL-ISO17-R.xlsx'),(341,148,'PLAN DE ACCION','DT-CAL-ISO11-R','2016-11-08 17:05:10','Formato anticuado y con imagen corporativa anterior','Se cambio formato de tabla y se agrego nueva imagen y se utilizaron colores institucionales','jrosales','1.0','2.0','Rev.1.0-DT-CAL-ISO11-R.PPT'),(358,57,'POLITICA DE CONDUCTA','DT-SOP-POL3','2017-01-23 09:48:57','Se cambio el logotipo • En la columna de Gravedad se eliminó “Fuertes”.\r\nSe agregaron 8 faltas.\r\nSe modificaron los tipos de sanciones de acuerdo a las faltas\r\nSe modificaron las sanciones F e I','Cambio en los criterios de las sanciones','ginzunza','1.0','2.0','Rev.1.0-DT-SOP-POL3.xls'),(359,144,'LISTA DE VERIFICACION','DT-CAL-ISO6-R','2017-06-06 11:14:46','Cambio de formato de tabla','Se cambio el formato de tabla, fuente y se actualizaron logotipos.','jrosales','2.0','3.0','Rev.2.0-DT-CAL-ISO6-R.doc'),(360,145,'PLAN DE AUDITORIA INTERNA','DT-CAL-ISO7-R','2017-06-09 09:43:07','Cambio de formato y fuentes','Se modificó el formato de tabla y se actualizaron fuentes, se agregó al cuerpo de la tabla las fechas para las reuniones de apertura y cierre de auditoria.','jrosales','2.0','3.0','Rev.2.0-DT-CAL-ISO7-R.xls'),(361,146,'SUGERENCIA DE MEJORA','DT-CAL-ISO9-R','2017-07-13 09:25:37','Actualización','Actualización de logotipo y tipo de fuentes.','ginzunza','4.0','5.0','Rev.4.0-DT-CAL-ISO9-R.doc'),(362,23,'INSTRUCCION PARA LA ASIGNACION DE TURNOS DE VIAJES','DT-OP-INS5','2017-07-14 10:50:31','Actualización','Actualización de logotipo, tipo de fuentes, se invierte el orden en los puntos 2.5 - 2.6 y 2.8 - 2.9 y se agrega punto de multi-entregas para \"apartar folio\" y se elimina el punto de permiso de operador por ser irrelevante en la instrucción.','ginzunza','12.0','13.0','Rev.12.0-DT-OP-INS5.docx'),(363,12,'PROCEDIMIENTO PARA MEDIR LA SATISFACCION DEL CLIENTE','DT-CAL-PROC10','2017-07-14 11:03:41','Actualización de procedimiento ','Cambio en el período de tiempo para realizar las encuestas a Clientes Spot de CC','ginzunza','6.0','7.0','Rev.6.0-DT-CAL-PROC10.docx'),(364,12,'PROCEDIMIENTO PARA MEDIR LA SATISFACCION DEL CLIENTE','DT-CAL-PROC10','2017-07-14 11:05:39','Actualización de procedimiento ','Cambio en el período de tiempo para realizar las encuestas a Clientes Spot de CC','ginzunza','7.0','7.1','Rev.7.0-DT-CAL-PROC10.docx'),(365,271,'ENCUESTA TELEFONICA CLIENTES SPOT CC','DT-CAL-ATC6','2017-07-14 11:55:23','Documento nuevo','Se creó el documento','ginzunza','NA','0.0','NA'),(366,272,'Entrevista Clientes Premium','DT-CAL-ATC5','2017-07-14 12:14:21','Documento nuevo','Se creó el documento','ginzunza','NA','0.0','NA'),(367,140,'REGISTRO DE NO CONFORMIDADES Y ACCIONES CORRECTIVAS','DT-CAL-ISO1-R','2017-07-15 13:00:22','Documento de excel con logos y tipografía inadecuada, formato poco amigable.','Cambio de formato excel a word y modificación de logo, tipografía y formato de presentación haciendolo mas simple.','jrosales','4.0','5.0','Rev.4.0-DT-CAL-ISO1-R.xls'),(368,273,'CARTA COTIZACION CC','DT-SOP-VTA4','2017-07-18 09:20:34','Documento nuevo','Se creó el documento','ginzunza','NA','0.0','NA'),(369,274,'FORMATO PARA AUTORIZACION DE NUEVOS PROVEEDORES','DT-SOP-MTO17','2017-07-18 09:26:43','Documento nuevo','Se creó el documento','ginzunza','NA','0.0','NA'),(370,275,'PROCEDIMIENTO PARA LA AUTORIZACION DE NUEVOS PROVEEDORES MTTO','DT-SOP-PROC61','2017-07-18 09:29:21','Documento nuevo','Se creó el documento','ginzunza','NA','0.0','NA'),(371,276,'PROCEDIMIENTO PARA EL REGISTRO DE INCIDENCIAS','DT-CAL-PROC62','2017-07-18 09:34:23','Documento nuevo','Se creó el documento','ginzunza','NA','0.0','NA'),(372,177,'FORMATO DE APLICACION DE POLITICAS DE SINIESTRALIDAD','DT-OP-SEG4-R','2017-07-25 17:47:57','Actualización','Actualización de logotipo, cambio de correctivos de acuerdo a política y se agrega solicitud de datos (descripción, causa y numero de reporte de siniestro)','ginzunza','1.0','2.0','Rev.1.0-DT-OP-SEG4-R.doc'),(373,197,'MANUAL LIQUIDACIONES JEFES DE FLOTILLA (TABLA DE AUTORIZACION DE GASTOS)','DT-OP-TAB5','2017-07-25 18:00:26','Actualización y para facilitar el pago de demoras por medio de SOAL (Observación auditoria 53)','Actualización de logotipo, tipo de fuentes, presentación de la información y se agrega a la tabla la clave 62 de Demoras','ginzunza','5.0','6.0','Rev.5.0-DT-OP-TAB5.xlsx'),(374,56,'POLITICA DE ACCIDENTES','DT-SOP-POL2','2017-07-25 18:04:26','Actualización de política','Se agrega logotipo, objetivo, alcance, responsabilidades, cambio en correctivos, responsabilidad y gravedad del siniestro','ginzunza','2.0','3.0','Rev.2.0-DT-SOP-POL2.xls'),(375,259,'POLITICA DE AUSENTISMOS','DT-SOP-POL17','2017-07-25 18:08:42','Actualización de política','Modificación de correctivos, días ausentismo y repeticiones del evento.','ginzunza','0.0','1.0','Rev.0.0-DT-SOP-POL17.xlsx'),(376,57,'POLITICA DE CONDUCTA','DT-SOP-POL3','2017-07-25 18:10:43','Actualización de política','Actualización de logotipo, tipo de fuentes, se agrega objetivo, alcance, responsabilidades y cambios en correctivos','ginzunza','2.0','3.0','Rev.2.0-DT-SOP-POL3.xls'),(377,262,'POLITICA DE PERMISOS A OPERADORES','DT-SOP-POL18','2017-07-25 18:12:44','Actualización de política','Modificación de fuentes, se agrega como responsable a Ejecutivo de Información para capturar los permisos en Portal de RH y se agregan los motivos por los que se otorga permiso.','ginzunza','0.0','1.0','Rev.0.0-DT-SOP-POL18.docx'),(378,126,'POLITICA DE PRESTAMOS A OPERADORES','DT-SOP-POL15','2017-07-25 18:14:54','Actualización de política','Actualización de logotipo, tipo de fuentes, presentación de la información y se eliminan varios puntos que no aplican','ginzunza','0.0','1.0','Rev.0.0-DT-SOP-POL15.doc'),(379,61,'POLITICAS DE PAGOS A OPERADORES','DT-SOP-POL7','2017-07-25 18:17:21','Actualización de política','Modificación de presentación de la información, actualización de tarifas de pago, se elimina dedicado VIL y se agrega sueldo operadores dedicado CUL, apoyo por curso y bono por rendimiento meta de acuerdo a las unidades.','ginzunza','16.0','17.0','Rev.16.0-DT-SOP-POL7.doc'),(380,58,'POLITICAS DE VELOCIDAD','DT-SOP-POL4','2017-07-25 18:19:53','Actualización de política','Actualización de logotipo, se agrega objetivo, alcance, responsabilidades y cambio en correctivos.','ginzunza','3.0','4.0','Rev.3.0-DT-SOP-POL4.xls'),(381,59,'POLITICAS DIESEL','DT-SOP-POL5','2017-07-25 18:22:12','Actualización de política','Actualización de logotipo, tipo de fuentes, presentación de la información, se elimina información de dedicado VIL y cambios en rendimiento.','ginzunza','3.0','4.0','Rev.3.0-DT-SOP-POL5.pptx'),(382,260,'PROCEDIMIENTO PARA SEGUIMIENTO DE AUSENTISMOS','DT-SOP-PROC60','2017-07-25 18:29:11','Actualización de política','Modificación de fuentes y cambio en período de tiempo para localizar al operador.','ginzunza','0.0','1.0','Rev.0.0-DT-SOP-PROC60.docx'),(383,67,'POLITICA PERMISO A OPERADORES','DT-SOP-POL13','2017-07-26 17:38:33','Documento Eliminado','Se Eliminó el documento','ginzunza','NA','0.0','NA'),(384,197,'MANUAL LIQUIDACIONES JEFES DE FLOTILLA (TABLA DE AUTORIZACION DE GASTOS)','DT-OP-TAB5','2017-08-19 11:17:18','Actualización','Cambio de clave a 65 en demoras','ginzunza','6.0','6.1','Rev.6.0-DT-OP-TAB5.docx'),(385,148,'PLAN DE ACCION','DT-CAL-ISO11-R','2017-08-23 16:16:06','Actualización','Cambio de formato y se agrega resultado esperado de acción correctiva','ginzunza','2.0','3.0','Rev.2.0-DT-CAL-ISO11-R.pptx'),(386,276,'PROCEDIMIENTO PARA EL REGISTRO DE INCIDENCIAS','DT-CAL-PROC62','2017-09-21 12:10:03','Actualización','Se agrega definición de seguimiento y problema, se modifica procedimiento para registro de incidencias y se agrega el registro de seguimientos.','ginzunza','0.0','1.0','Rev.0.0-DT-CAL-PROC62.doc'),(387,23,'INSTRUCCION PARA LA ASIGNACION DE TURNOS DE VIAJES','DT-OP-INS5','2017-09-21 12:28:24','Actualizacion','Se agrega en 2.16: asignación de turnos para viajes de Alpro sólo será para Operadores que no cuenten con demoras por mala administración de tiempo de ruta en los últimos tres meses.','ginzunza','13.0','14.0','Rev.13.0-DT-OP-INS5.docx'),(388,277,'INSTRUCCION PARA EL USO DE TERMO','DT-OP-INS26','2017-09-21 12:31:12','Documento nuevo','Se creó el documento','ginzunza','NA','0.0','NA'),(389,278,'FORMATO DE INVESTIGACION DE ACCIDENTE','DT-OP-SEG6','2017-09-21 12:43:21','Documento nuevo','Se creó el documento','ginzunza','NA','0.0','NA'),(390,90,'INSTRUCCIONES NORSON','DT-OP-TAB18','2017-09-21 12:45:33','Actualización','Se amplía descripción en acciones a llevar a cabo, se actualiza instrucción para documentación y para control de barras.','ginzunza','6.0','7.0','Rev.6.0-DT-OP-TAB18.doc'),(391,56,'POLITICA DE ACCIDENTES','DT-SOP-POL2','2017-09-21 12:49:07','Actualización','Se modifican importes de cobro por atención del seguro, según la gravedad del accidente cuando el Operador sea responsable.','ginzunza','3.0','4.0','Rev.3.0-DT-SOP-POL2.docx'),(392,75,'TABLA DE OBJETIVOS DE CALIDAD','DT-CAL-TAB2','2017-10-03 11:27:23','Actualización','Cambio de indicadores a áreas de efectividad.','ginzunza','1.0','2.0','Rev.1.0-DT-CAL-TAB2.xls'),(393,82,'TABLA DE FIRMAS AUTORIZADAS PARA SALIDAS DE TRACTOS Y REMOLQUES','DT-SOP-TAB10','2017-10-03 11:31:15','Actualización','Se actualiza la lista de personal autorizado','ginzunza','1.0','2.0','Rev.1.0-DT-SOP-TAB10.xls'),(394,114,'INSTRUCCION PARA ENTREGA DE BARRAS EN ALPRO','DT-OP-INS19','2017-10-05 17:34:27','Actualización','Modificación de instrucción de acuerdo a los procedimientos necesarios.','ginzunza','0.0','1.0','Rev.0.0-DT-OP-INS19.doc'),(395,90,'INSTRUCCIONES NORSON','DT-OP-TAB18','2017-10-05 17:41:13','Actualización','Se elimina control de barras por actualización de documento \"Instrucción para entrega de barras en Alpro\", se agrega información en el apartado instrucción para recolección de remolques.','ginzunza','7.0','8.0','Rev.7.0-DT-OP-TAB18.docx'),(396,80,'RELACION GASOLINERAS','DT-OP-TAB8','2017-10-05 17:47:46','Actualización','Se agregan direcciones de gasolineras y se agrega información de una gasolinera.','ginzunza','3.0','4.0','Rev.3.0-DT-OP-TAB8.xls'),(397,113,'INSTRUCCION PARA ENTERARSE DE CAMBIOS','DT-OP-INS18','2017-10-05 17:56:32','Actualización\r\n','Modificación de instrucción de acuerdo al uso de la página del SGC y las notificaciones por medio de correo.\r\n','ginzunza','0.0','1.0','Rev.0.0-DT-OP-INS18.doc'),(398,113,'INSTRUCCION PARA ENTERARSE DE CAMBIOS','DT-OP-INS18','2017-10-05 18:13:07','Cambio de archivo para correcta visualización en la página.','Modificación de versión de Word sin modificaciones del contenido para correcta visualización.','ginzunza','1.0','1.1','Rev.1.0-DT-OP-INS18.doc'),(399,56,'POLITICA DE ACCIDENTES','DT-SOP-POL2','2017-10-07 11:53:17','Actualización','Modificación del punto 6.6, se elimina cobro por atención del seguro; el cobro se realizará por accidente responsable y de acuerdo a la gravedad.','ginzunza','4.0','5.0','Rev.4.0-DT-SOP-POL2.docx'),(400,2,'MANUAL DE CALIDAD','DT-CAL-M1','2017-10-10 18:18:29','Actualización','Modificación de Tabla de Objetivos de Calidad y período de evaluación de clientes Spot y Premium cada cuatrimestre.','ginzunza','15.0','16.0','Rev.15.0-DT-CAL-M1.doc'),(401,73,'PLANIFICACION DE LA REALIZACION DEL SERVICIO','DT-CAL-PLAN5','2017-10-12 17:30:04','Aclaración de algunas actividades de la planificación, definición de salidas faltantes en algunas actividades y actualización de etapa de entrega. Actualización de imagen.','Se cambio el logo, se agregaron métodos de control y salidas en actividades que no tenían definidos tales espacios. Se actualizó la etapa de Entrega.','jrosales','5.0','6.0','Rev.5.0-DT-CAL-PLAN5.xls'),(402,127,'FORMATO PARA MINUTA DE JUNTA','DT-CAL-DIR1-R','2017-11-15 16:57:14','Actualización','Eliminación de Logotipo ISO 9001-2008','ginzunza','3.0','4.0','Rev.3.0-DT-CAL-DIR1-R.xlsx'),(403,203,'MEDIDAS DE SEGURIDAD','DT-SOP-INS23','2017-12-06 11:55:24','Actualización','Se agregan ubicaciones en las que no se pueden detener los operadores por ser zonas de riesgo.','ginzunza','0.0','1.0','Rev.0.0-DT-SOP-INS23.ppt'),(404,108,'INSTRUCCION PARA REALIZAR REPORTE DE PUNTUALIDAD','DT-SOP-INS14','2017-12-06 12:20:16','Instrucción más comprensible.','Se unifica con el Procedimiento Para Determinar Demoras y Demorados. Se añade definición de demorados.','ginzunza','1.0','2.0','Rev.1.0-DT-SOP-INS14.doc'),(405,117,'PROCEDIMIENTO PARA DETERMINAR DEMORAS Y DEMORADOS','DT-SOP-PROC51','2017-12-06 12:23:36','Documento Eliminado','Se Eliminó el documento','ginzunza','NA','0.0','NA'),(406,20,'INSTRUCCION SOAL PARA DESPACHO DE VIAJES Y ASIGNACION DE TRACTOS','DT-OP-INS3','2017-12-06 12:35:48','Actualización','Modificación de logotipo, fuentes, actividades actuales, se elimina punto de \"Despacho Nuevo\" y renovación de imágenes.','ginzunza','2.0','3.0','Rev.2.0-DT-OP-INS3.doc'),(407,268,'INSTRUCCIONES BASICAS PARA VIAJES REFRIGERADOS','DT-CAL-INS8','2017-12-09 09:51:33','Documento Eliminado','Se Eliminó el documento','ginzunza','NA','1.0','NA'),(408,155,'NOTIFICACION DE CAMBIO DE PROCEDIMIENTO','DT-CAL-ISO18-R','2017-12-09 10:00:28','Documento Eliminado','Se Eliminó el documento','ginzunza','NA','2.0','NA'),(409,8,'PROCEDIMIENTO PARA EL CONTROL DE DOCUMENTOS','DT-CAL-PROC1','2017-12-09 10:15:11','No se utilizan, documentos eliminados.','Se elimina en punto 9.0 Formato de Notificación de Cambio de Procedimiento, en punto 11.0 también se elimina referencia de los documentos: Procedimiento Gral. VH, Proceso VH- Diagrama, Procedimiento de Calibración de Sistemas de Ref. y Proced. Para Evaluar a Proveedores de Com. ','ginzunza','8.0','9.0','Rev.8.0-DT-CAL-PROC1.doc'),(410,44,'PROCEDIMIENTO PARA CONTROL DE CIRCUITOS','DT-SOP-PROC40','2018-01-09 17:19:16','Actualización','Actualización de logotipo, se elimina bitácora de viaje, se actualizan las corridas y modificación de diagrama y desarrollo.','ginzunza','4.0','5.0','Rev.4.0-DT-SOP-PROC40.ppt'),(411,23,'INSTRUCCION PARA LA ASIGNACION DE TURNOS DE VIAJES','DT-OP-INS5','2018-01-11 17:29:14','Apartar folio a Operadores con unidad en taller','Se eliminan referencias de documento Reglas para asignación de turnos y se agrega punto 1.3','ginzunza','14.0','15.0','Rev.14.0-DT-OP-INS5.docx'),(412,77,'RECOMENDACIONES DE CARGA','DT-CAL-TAB4','2018-01-11 17:56:03','Corrección','Modificación de límite de dimensiones de mercancía para cargar remolque','ginzunza','2.0','3.0','Rev.2.0-DT-CAL-TAB4.xlsx'),(413,36,'PROCEDIMIENTO DE ASCENSOS, CAMBIO DE FLOTILLA Y CAMBIO DE MANOS','DT-SOP-PROC32','2018-01-11 18:10:56','Actualización','Modificación de referencias: se elimina Procedimiento cambio de manos y se agrega Política de accidentes. En registros se actualiza nombre a Recibo y entrega de Tractocamión','ginzunza','7.0','8.0','Rev.7.0-DT-SOP-PROC32.docx'),(414,23,'INSTRUCCION PARA LA ASIGNACION DE TURNOS DE VIAJES','DT-OP-INS5','2018-01-12 11:08:31','Correcciones','Modificación del texto en punto 1.14 ','ginzunza','15.0','15.1','Rev.15.0-DT-OP-INS5.docx'),(415,59,'POLITICAS DIESEL','DT-SOP-POL5','2018-01-30 17:58:42','Actualización','Exceso de ralentí cambia de 3% a 5% sólo en STB. \r\nFaltante de combustible en tracto de 5% cambia a 3% sólo en carretera. \r\nFaltante de combustible en thermo carretera cambia de 5% a 3%. \r\nBajos rendimientos se modifican en STB 2.60km/lt, Mars 2.50km/lt, CUL 2.40km/lt y Carretera 2.40km/lt. \r\nCambios en los correctivos para los operadores se agrega Aviso de Incumplimiento como primer correctivo en la mayoría de los casos.','ginzunza','4.0','5.0','Rev.4.0-DT-SOP-POL5.docx'),(416,23,'INSTRUCCION PARA LA ASIGNACION DE TURNOS DE VIAJES','DT-OP-INS5','2018-01-30 18:00:35','No se mencionaba anteriormente.','Se agrega en punto 1.8: Operadores que se nieguen a tomar el turno que les corresponde se les aplicará lo correspondiente de acuerdo a la política de conducta.','ginzunza','15.1','16.0','Rev.15.1-DT-OP-INS5.docx'),(417,61,'POLITICAS DE PAGOS A OPERADORES','DT-SOP-POL7','2018-02-06 12:34:42','Actualización','Cambios STB: se agrega sueldo fijo, modificación de bono de puntualidad y se agregan en tabla los rendimientos meta para bono de diésel. Cambios MARS y CUL: se agregan en tabla los rendimientos meta para bono de diésel. Cambios Carretera: se agrega pago por nuevo ingreso, modificación de sueldos de 1er, 2do Operador y operador plus, modificación de rendimientos meta para bono de diésel, se actualizan pagos por vacaciones, demoras, movimientos externos e internos, rescates, armar y desarmar full, carga y descarga y entregas en Cd. de México.  Se agrega tabla con sueldo de operadores de patio y Norson. Se elimina Sueldo Operadores Dedicado Norson Foráneos. ','ginzunza','17.0','18.0','Rev.17.0-DT-SOP-POL7.docx'),(418,13,'PROCEDIMIENTO PARA LA MEJORA CONTINUA','DT-CAL-PROC11','2018-03-23 16:02:07','Implementación de Metodología KWT','Se actualiza alcance, se agregan referencias y definiciones, modificación de desarrollo de acuerdo a la metodología KWT, modificación de medición y se eliminan formatos obsoletos.','ginzunza','4.0','5.0','Rev.4.0-DT-CAL-PROC11.doc'),(419,149,'CONCENTRADO DE ACTIVIDADES DE MEJORA CONTINUA','DT-CAL-ISO12-R','2018-03-23 16:55:23','Documento Eliminado','Se Eliminó el documento','ginzunza','NA','1.0','NA'),(420,150,'CONCENTRADO DE COMENTARIOS Y SUGERENCIAS DE MEJORA','DT-CAL-RH1-R','2018-03-23 16:57:59','Documento Eliminado','Se Eliminó el documento','ginzunza','NA','1.0','NA'),(421,151,'CONCENTRADO DE RESPUESTAS A COMENTARIOS Y SUGERENCIAS DE MEJORA','DT-CAL-RH4-R','2018-03-23 16:58:41','Documento Eliminado','Se Eliminó el documento','ginzunza','NA','0.0','NA'),(422,147,'CRONOGRAMA PARA PROYECTOS DE MEJORA','DT-CAL-ISO10-R','2018-03-23 16:59:00','Documento Eliminado','Se Eliminó el documento','ginzunza','NA','1.0','NA'),(423,164,'PROYECTOS DE EFICIENCIA','DT-CAL-ISO27-R','2018-03-23 16:59:18','Documento Eliminado','Se Eliminó el documento','ginzunza','NA','0.0','NA'),(424,146,'SUGERENCIA DE MEJORA','DT-CAL-ISO9-R','2018-03-23 16:59:37','Documento Eliminado','Se Eliminó el documento','ginzunza','NA','5.0','NA');
/*!40000 ALTER TABLE `log_cambios` ENABLE KEYS */;
UNLOCK TABLES;

--
-- Table structure for table `metodos_compilacion`
--

DROP TABLE IF EXISTS `metodos_compilacion`;
/*!40101 SET @saved_cs_client     = @@character_set_client */;
/*!40101 SET character_set_client = utf8 */;
CREATE TABLE `metodos_compilacion` (
  `id_metodo_comp` tinyint(4) NOT NULL AUTO_INCREMENT,
  `metodo_compilacion` varchar(50) NOT NULL,
  PRIMARY KEY (`id_metodo_comp`)
) ENGINE=InnoDB AUTO_INCREMENT=20 DEFAULT CHARSET=latin1;
/*!40101 SET character_set_client = @saved_cs_client */;

--
-- Dumping data for table `metodos_compilacion`
--

LOCK TABLES `metodos_compilacion` WRITE;
/*!40000 ALTER TABLE `metodos_compilacion` DISABLE KEYS */;
INSERT INTO `metodos_compilacion` VALUES (1,'Archivo fisico'),(2,'Carpeta electronica en red'),(4,'Correo electronico'),(5,'Disco duro de usuario'),(6,'Sistema de Gestion Documental Web'),(7,'Por fecha'),(8,'No. Copia controlada'),(9,'Código de documento'),(10,'Por auditoría'),(11,'Por área'),(12,'Por Proyecto'),(13,'Por operador'),(14,'Por Instructor'),(15,'Por nombre'),(16,'Por zona'),(17,'Por sobre'),(18,'Ninguno'),(19,'Por Tracto');
/*!40000 ALTER TABLE `metodos_compilacion` ENABLE KEYS */;
UNLOCK TABLES;

--
-- Table structure for table `puestos`
--

DROP TABLE IF EXISTS `puestos`;
/*!40101 SET @saved_cs_client     = @@character_set_client */;
/*!40101 SET character_set_client = utf8 */;
CREATE TABLE `puestos` (
  `id_puesto` tinyint(5) NOT NULL AUTO_INCREMENT,
  `nombre_puesto` varchar(150) NOT NULL,
  PRIMARY KEY (`id_puesto`),
  UNIQUE KEY `nombre_puesto` (`nombre_puesto`)
) ENGINE=InnoDB AUTO_INCREMENT=30 DEFAULT CHARSET=latin1;
/*!40101 SET character_set_client = @saved_cs_client */;

--
-- Dumping data for table `puestos`
--

LOCK TABLES `puestos` WRITE;
/*!40000 ALTER TABLE `puestos` DISABLE KEYS */;
INSERT INTO `puestos` VALUES (17,'Administrador del Sistema'),(23,'Analista Diesel'),(15,'Atencion a Clientes'),(27,'Auxiliar Administrativo'),(22,'Auxiliar Administrativo MTO'),(14,'Auxiliar de Calidad'),(16,'Auxiliar de Depositos'),(1,'Coordinador de Calidad'),(10,'Coordinador de Liquidaciones'),(5,'Direccion'),(13,'Ejecutivo de Informacion'),(3,'Ejecutivo de Servicio'),(6,'Gerente de Logistica'),(8,'Gerente de Mantenimiento'),(9,'Gerente de Seguridad'),(7,'Gerente de Trafico'),(20,'Inspector de Remolques'),(21,'Inspector de Tractos'),(24,'Instructor'),(12,'Jefe de Diesel'),(2,'Jefe de Flotilla'),(25,'Jefe de Flotilla (Dedicado)'),(11,'Liquidador'),(4,'Monitorista'),(19,'No definido'),(29,'Recursos Humanos'),(26,'Segundo Turno'),(28,'Sistemas');
/*!40000 ALTER TABLE `puestos` ENABLE KEYS */;
UNLOCK TABLES;

--
-- Table structure for table `rel_docs_externos_puestos`
--

DROP TABLE IF EXISTS `rel_docs_externos_puestos`;
/*!40101 SET @saved_cs_client     = @@character_set_client */;
/*!40101 SET character_set_client = utf8 */;
CREATE TABLE `rel_docs_externos_puestos` (
  `id_doc_ext` int(10) unsigned NOT NULL,
  `id_puesto` tinyint(5) NOT NULL,
  `id_relacion` int(11) NOT NULL AUTO_INCREMENT,
  PRIMARY KEY (`id_relacion`),
  KEY `FK_docs_externos` (`id_doc_ext`),
  KEY `FK_docs_ext_id_puesto` (`id_puesto`),
  CONSTRAINT `FK_docs_externos` FOREIGN KEY (`id_doc_ext`) REFERENCES `docs_externos` (`id_doc_externo`) ON UPDATE CASCADE,
  CONSTRAINT `FK_rel_docs_externos_puestos_2` FOREIGN KEY (`id_puesto`) REFERENCES `puestos` (`id_puesto`) ON UPDATE CASCADE
) ENGINE=InnoDB AUTO_INCREMENT=11 DEFAULT CHARSET=latin1;
/*!40101 SET character_set_client = @saved_cs_client */;

--
-- Dumping data for table `rel_docs_externos_puestos`
--

LOCK TABLES `rel_docs_externos_puestos` WRITE;
/*!40000 ALTER TABLE `rel_docs_externos_puestos` DISABLE KEYS */;
INSERT INTO `rel_docs_externos_puestos` VALUES (1,14,1),(1,1,2),(1,5,3),(1,13,4),(1,3,5),(1,6,6),(1,7,7),(1,2,8),(1,4,9),(1,26,10);
/*!40000 ALTER TABLE `rel_docs_externos_puestos` ENABLE KEYS */;
UNLOCK TABLES;

--
-- Table structure for table `relacion_documento_puesto`
--

DROP TABLE IF EXISTS `relacion_documento_puesto`;
/*!40101 SET @saved_cs_client     = @@character_set_client */;
/*!40101 SET character_set_client = utf8 */;
CREATE TABLE `relacion_documento_puesto` (
  `id_documento` int(6) NOT NULL,
  `id_puesto` tinyint(5) NOT NULL,
  `id_relacion` int(11) NOT NULL AUTO_INCREMENT,
  PRIMARY KEY (`id_relacion`),
  KEY `id_documento` (`id_documento`),
  KEY `id_puesto` (`id_puesto`),
  CONSTRAINT `FK_relacion_documento_puesto_1` FOREIGN KEY (`id_documento`) REFERENCES `documentos` (`id_documento`) ON UPDATE CASCADE,
  CONSTRAINT `FK_relacion_documento_puesto_2` FOREIGN KEY (`id_puesto`) REFERENCES `puestos` (`id_puesto`) ON UPDATE CASCADE
) ENGINE=InnoDB AUTO_INCREMENT=2780 DEFAULT CHARSET=latin1;
/*!40101 SET character_set_client = @saved_cs_client */;

--
-- Dumping data for table `relacion_documento_puesto`
--

LOCK TABLES `relacion_documento_puesto` WRITE;
/*!40000 ALTER TABLE `relacion_documento_puesto` DISABLE KEYS */;
INSERT INTO `relacion_documento_puesto` VALUES (1,1,1),(2,1,2),(4,1,3),(5,1,4),(6,1,5),(6,14,6),(4,14,7),(2,14,8),(5,14,9),(7,1,10),(7,14,11),(8,1,12),(8,14,13),(9,1,14),(9,14,15),(11,1,16),(11,14,17),(12,1,18),(12,14,19),(13,1,20),(13,14,21),(14,1,22),(14,14,23),(15,1,24),(15,14,25),(16,1,26),(16,14,27),(17,1,28),(17,14,29),(18,1,30),(18,14,31),(19,1,32),(19,14,33),(20,1,34),(20,14,35),(21,1,36),(21,14,37),(22,1,38),(22,14,39),(23,1,40),(23,14,41),(24,1,42),(24,14,43),(25,1,44),(25,14,45),(26,1,46),(26,14,47),(27,1,48),(27,14,49),(28,1,50),(28,14,51),(29,1,52),(30,1,53),(30,14,54),(29,14,55),(31,1,56),(31,14,57),(32,1,58),(32,14,59),(33,1,60),(33,14,61),(34,1,62),(34,14,63),(35,1,64),(36,1,65),(36,14,66),(35,14,67),(37,14,68),(37,1,69),(38,1,70),(38,14,71),(39,1,72),(39,14,73),(40,14,74),(40,1,75),(41,1,76),(42,1,77),(41,14,78),(42,14,79),(43,1,80),(43,14,81),(44,1,82),(44,14,83),(45,1,84),(46,8,85),(46,14,86),(45,14,87),(47,8,88),(47,14,89),(48,8,90),(48,14,91),(49,1,92),(49,14,93),(50,1,94),(51,1,95),(51,14,96),(50,14,97),(52,1,98),(53,1,99),(52,14,100),(53,14,101),(54,1,102),(54,14,103),(55,1,104),(55,14,105),(56,1,106),(57,1,107),(57,14,108),(56,14,109),(58,1,110),(58,14,111),(59,12,112),(59,14,113),(60,12,114),(60,14,115),(61,1,116),(61,14,117),(62,1,118),(62,14,119),(63,14,120),(64,8,121),(65,9,122),(64,14,123),(65,14,124),(66,1,125),(66,14,126),(67,14,128),(68,1,129),(68,14,130),(69,1,131),(69,14,132),(70,1,133),(70,14,134),(71,1,135),(71,14,136),(72,1,137),(73,1,138),(72,14,139),(73,14,140),(74,1,141),(74,14,142),(75,1,143),(75,14,144),(76,1,145),(76,14,146),(77,1,147),(77,14,148),(78,1,149),(79,1,150),(78,14,151),(79,14,152),(80,12,153),(81,1,154),(80,14,155),(81,14,156),(82,1,157),(82,14,158),(83,1,159),(83,14,160),(84,1,161),(84,14,162),(85,7,163),(85,14,164),(86,1,165),(86,14,166),(87,1,167),(87,14,168),(88,1,169),(89,1,170),(89,14,171),(88,14,172),(90,14,173),(91,14,174),(92,14,175),(93,14,176),(94,14,177),(96,14,178),(95,14,179),(97,14,180),(98,14,181),(99,1,182),(99,14,183),(100,1,184),(100,14,185),(101,1,186),(101,14,187),(102,1,188),(102,14,189),(103,8,190),(103,14,191),(104,1,192),(104,14,193),(105,1,194),(105,14,195),(106,1,196),(106,14,197),(107,1,198),(107,14,199),(108,1,200),(108,14,201),(109,1,202),(109,14,203),(110,1,204),(110,14,205),(111,1,206),(111,14,207),(112,1,208),(112,14,209),(113,1,210),(113,14,211),(114,1,212),(114,14,213),(115,1,214),(115,14,215),(116,1,216),(116,14,217),(117,1,218),(117,14,219),(118,1,220),(118,14,221),(119,1,222),(119,14,223),(120,1,224),(120,14,225),(121,1,226),(121,14,227),(122,1,228),(122,14,229),(123,1,230),(123,14,231),(124,1,232),(124,14,233),(125,1,234),(125,14,235),(96,1,236),(95,1,237),(103,1,238),(85,1,239),(92,1,240),(93,1,241),(97,1,242),(90,1,243),(98,1,244),(91,1,245),(94,1,246),(65,1,247),(67,1,248),(64,1,249),(59,1,250),(60,1,251),(48,1,252),(47,1,253),(46,1,254),(80,1,255),(63,1,256),(2,3,257),(7,3,258),(4,3,259),(8,3,260),(9,3,261),(12,3,262),(13,3,263),(15,3,264),(17,3,265),(20,3,266),(21,3,267),(23,3,268),(25,3,269),(22,3,270),(26,3,271),(29,3,272),(31,3,273),(41,3,274),(44,3,275),(49,3,276),(50,3,277),(54,3,278),(62,3,279),(65,3,280),(66,3,281),(67,3,282),(68,3,283),(73,3,284),(74,3,285),(75,3,286),(76,3,287),(77,3,288),(78,3,289),(81,3,290),(83,3,291),(84,3,292),(86,3,293),(87,3,294),(88,3,295),(89,3,296),(90,3,297),(91,3,298),(92,3,299),(93,3,300),(94,3,301),(96,3,302),(95,3,303),(97,3,304),(98,3,305),(99,3,306),(101,3,307),(111,3,308),(113,3,309),(114,3,310),(115,3,311),(116,3,312),(117,3,313),(118,3,314),(119,3,315),(120,3,316),(121,3,317),(122,3,318),(124,3,319),(125,3,320),(8,6,321),(2,6,322),(7,6,323),(4,6,324),(9,6,325),(12,6,326),(15,6,327),(17,6,328),(20,6,329),(21,6,330),(23,6,331),(25,6,332),(22,6,333),(26,6,334),(29,6,335),(31,6,336),(41,6,337),(44,6,338),(49,6,339),(50,6,340),(54,6,341),(62,6,342),(65,6,343),(66,6,344),(67,6,345),(68,6,346),(73,6,347),(74,6,348),(75,6,349),(76,6,350),(77,6,351),(78,6,352),(81,6,353),(83,6,354),(84,6,355),(86,6,356),(87,6,357),(88,6,358),(89,6,359),(90,6,360),(91,6,361),(92,6,362),(93,6,363),(94,6,364),(96,6,365),(95,6,366),(97,6,367),(98,6,368),(99,6,369),(101,6,370),(111,6,371),(113,6,372),(114,6,373),(115,6,374),(116,6,375),(117,6,376),(118,6,377),(119,6,378),(120,6,379),(121,6,380),(122,6,381),(124,6,382),(125,6,383),(3,6,384),(3,3,385),(3,14,386),(10,6,387),(10,3,388),(10,14,389),(3,1,390),(10,1,391),(99,8,392),(101,8,393),(2,8,394),(3,8,395),(7,8,396),(4,8,397),(8,8,398),(16,8,399),(9,8,400),(10,8,401),(11,8,402),(13,8,403),(14,8,404),(17,8,405),(21,8,406),(27,8,407),(31,8,408),(33,8,409),(43,8,410),(45,8,411),(55,8,412),(62,8,413),(65,8,414),(66,8,415),(67,8,416),(68,8,417),(73,8,418),(74,8,419),(75,8,420),(76,8,421),(80,8,422),(109,8,423),(110,8,424),(111,8,425),(112,8,426),(113,8,427),(122,8,428),(124,8,429),(125,8,430),(85,5,431),(83,5,432),(110,5,433),(74,5,434),(84,5,435),(101,5,436),(28,5,437),(105,5,438),(115,5,439),(5,5,440),(19,5,441),(21,5,442),(103,5,443),(113,5,444),(114,5,445),(104,5,446),(106,5,447),(112,5,448),(23,5,449),(108,5,450),(54,5,451),(29,5,452),(20,5,453),(87,5,454),(93,5,455),(92,5,456),(95,5,457),(96,5,458),(97,5,459),(90,5,460),(86,5,461),(88,5,462),(98,5,463),(119,5,464),(91,5,465),(94,5,466),(2,5,467),(100,5,468),(102,5,469),(7,5,470),(1,5,471),(4,5,472),(99,5,473),(111,5,474),(124,5,475),(125,5,476),(69,5,477),(73,5,478),(72,5,479),(71,5,480),(70,5,481),(66,5,482),(56,5,483),(55,5,484),(68,5,485),(57,5,486),(65,5,487),(62,5,488),(67,5,489),(61,5,490),(64,5,491),(58,5,492),(59,5,493),(60,5,494),(109,5,495),(39,5,496),(35,5,497),(48,5,498),(121,5,499),(123,5,500),(30,5,501),(43,5,502),(36,5,503),(17,5,504),(41,5,505),(9,5,506),(10,5,507),(42,5,508),(26,5,509),(6,5,510),(40,5,511),(53,5,512),(44,5,513),(45,5,514),(16,5,515),(118,5,516),(117,5,517),(120,5,518),(8,5,519),(25,5,520),(24,5,521),(18,5,522),(32,5,523),(31,5,524),(49,5,525),(27,5,526),(15,5,527),(22,5,528),(11,5,529),(13,5,530),(34,5,531),(33,5,532),(37,5,533),(38,5,534),(12,5,535),(47,5,536),(46,5,537),(52,5,538),(14,5,539),(51,5,540),(50,5,541),(122,5,542),(3,5,543),(79,5,544),(77,5,545),(107,5,546),(80,5,547),(63,5,548),(76,5,549),(82,5,550),(89,5,551),(81,5,552),(116,5,553),(75,5,554),(78,5,555),(85,13,556),(74,13,557),(110,13,558),(83,13,559),(84,13,560),(101,13,561),(28,13,562),(105,13,563),(115,13,564),(5,13,565),(21,13,566),(19,13,567),(103,13,568),(113,13,569),(114,13,570),(104,13,571),(106,13,572),(112,13,573),(23,13,574),(108,13,575),(54,13,576),(29,13,577),(20,13,578),(87,13,579),(93,13,580),(92,13,581),(95,13,582),(96,13,583),(97,13,584),(90,13,585),(86,13,586),(98,13,587),(119,13,588),(88,13,589),(91,13,590),(2,13,591),(94,13,592),(100,13,593),(1,13,594),(102,13,595),(7,13,596),(4,13,597),(99,13,598),(111,13,599),(124,13,600),(125,13,601),(73,13,602),(69,13,603),(72,13,604),(71,13,605),(70,13,606),(66,13,607),(56,13,608),(68,13,609),(55,13,610),(57,13,611),(65,13,612),(62,13,613),(67,13,614),(61,13,615),(64,13,616),(58,13,617),(59,13,618),(60,13,619),(109,13,620),(39,13,621),(35,13,622),(48,13,623),(121,13,624),(123,13,625),(30,13,626),(36,13,627),(17,13,628),(43,13,629),(41,13,630),(9,13,631),(10,13,632),(42,13,633),(26,13,634),(6,13,635),(40,13,636),(53,13,637),(44,13,638),(45,13,639),(16,13,640),(118,13,641),(117,13,642),(120,13,643),(8,13,644),(25,13,645),(24,13,646),(18,13,647),(32,13,648),(31,13,649),(49,13,650),(27,13,651),(15,13,652),(22,13,653),(11,13,654),(13,13,655),(34,13,656),(33,13,657),(37,13,658),(38,13,659),(12,13,660),(47,13,661),(46,13,662),(52,13,663),(14,13,664),(51,13,665),(50,13,666),(122,13,667),(3,13,668),(79,13,669),(77,13,670),(107,13,671),(80,13,672),(63,13,673),(76,13,674),(82,13,675),(89,13,676),(81,13,677),(116,13,678),(75,13,679),(78,13,680),(2,7,681),(3,7,682),(7,7,683),(4,7,684),(8,7,685),(16,7,686),(9,7,687),(10,7,688),(13,7,689),(17,7,690),(18,7,691),(19,7,692),(21,7,693),(23,7,694),(24,7,695),(25,7,696),(28,7,697),(29,7,698),(31,7,699),(33,7,700),(34,7,701),(35,7,702),(36,7,703),(37,7,704),(38,7,705),(40,7,706),(41,7,707),(42,7,708),(44,7,709),(45,7,710),(49,7,711),(50,7,712),(51,7,713),(52,7,714),(53,7,715),(55,7,716),(56,7,717),(57,7,718),(68,7,719),(58,7,720),(59,7,721),(60,7,722),(61,7,723),(62,7,724),(63,7,725),(65,7,726),(66,7,727),(73,7,728),(74,7,729),(75,7,730),(77,7,731),(78,7,732),(80,7,733),(81,7,734),(83,7,735),(86,7,736),(87,7,737),(88,7,738),(89,7,739),(93,7,740),(90,7,741),(91,7,742),(92,7,743),(95,7,744),(97,7,745),(96,7,746),(98,7,747),(94,7,748),(99,7,749),(101,7,750),(104,7,751),(109,7,752),(110,7,753),(111,7,754),(112,7,755),(113,7,756),(114,7,757),(115,7,758),(116,7,759),(117,7,760),(118,7,761),(119,7,762),(120,7,763),(121,7,764),(122,7,765),(124,7,766),(125,7,767),(2,2,768),(3,2,769),(7,2,770),(4,2,771),(8,2,772),(16,2,773),(9,2,774),(10,2,775),(13,2,776),(17,2,777),(18,2,778),(19,2,779),(21,2,780),(23,2,781),(24,2,782),(25,2,783),(28,2,784),(29,2,785),(31,2,786),(33,2,787),(34,2,788),(35,2,789),(36,2,790),(38,2,791),(37,2,792),(40,2,793),(41,2,794),(42,2,795),(44,2,796),(45,2,797),(49,2,798),(50,2,799),(51,2,800),(52,2,801),(53,2,802),(55,2,803),(56,2,804),(68,2,805),(57,2,806),(58,2,807),(59,2,808),(60,2,809),(61,2,810),(62,2,811),(64,2,812),(65,2,813),(66,2,814),(67,2,815),(73,2,816),(74,2,817),(76,2,818),(75,2,819),(77,2,820),(78,2,821),(80,2,822),(81,2,823),(83,2,824),(85,2,825),(86,2,826),(87,2,827),(90,2,828),(96,2,829),(93,2,830),(97,2,831),(95,2,832),(92,2,833),(98,2,834),(88,2,835),(91,2,836),(94,2,837),(99,2,838),(101,2,839),(104,2,840),(109,2,841),(110,2,842),(111,2,843),(112,2,844),(113,2,845),(114,2,846),(115,2,847),(116,2,848),(117,2,849),(118,2,850),(119,2,851),(120,2,852),(122,2,853),(124,2,854),(125,2,855),(2,12,856),(3,12,857),(7,12,858),(4,12,859),(8,12,860),(16,12,861),(9,12,862),(10,12,863),(13,12,864),(17,12,865),(21,12,866),(24,12,867),(25,12,868),(28,12,869),(35,12,870),(36,12,871),(39,12,872),(45,12,873),(55,12,874),(57,12,875),(62,12,876),(68,12,877),(56,12,878),(58,12,879),(61,12,880),(73,12,881),(74,12,882),(75,12,883),(78,12,884),(79,12,885),(99,12,886),(101,12,887),(109,12,888),(111,12,889),(112,12,890),(113,12,891),(124,12,892),(125,12,893),(2,9,894),(3,9,895),(7,9,896),(4,9,897),(8,9,898),(16,9,899),(5,9,900),(9,9,901),(10,9,902),(13,9,903),(14,9,904),(17,9,905),(21,9,906),(24,9,907),(25,9,908),(28,9,909),(33,9,910),(35,9,911),(36,9,912),(40,9,913),(45,9,914),(51,9,915),(52,9,916),(53,9,917),(62,9,918),(57,9,919),(55,9,920),(68,9,921),(56,9,922),(60,9,923),(59,9,924),(61,9,925),(58,9,926),(66,9,927),(67,9,928),(73,9,929),(74,9,930),(75,9,931),(76,9,932),(80,9,933),(99,9,934),(101,9,935),(103,9,936),(109,9,937),(111,9,938),(112,9,939),(113,9,940),(119,9,941),(120,9,942),(121,9,943),(122,9,944),(124,9,945),(125,9,946),(2,11,947),(3,11,948),(7,11,949),(4,11,950),(8,11,951),(16,11,952),(9,11,953),(10,11,954),(13,11,955),(17,11,956),(21,11,957),(33,11,958),(34,11,959),(45,11,960),(50,11,961),(55,11,962),(61,11,963),(62,11,964),(63,11,965),(73,11,966),(74,11,967),(75,11,968),(80,11,969),(99,11,970),(101,11,971),(105,11,972),(106,11,973),(107,11,974),(111,11,975),(113,11,976),(115,11,978),(117,11,979),(118,11,980),(119,11,981),(120,11,982),(121,11,983),(124,11,985),(125,11,986),(2,10,987),(7,10,988),(4,10,989),(8,10,990),(16,10,991),(13,10,992),(17,10,993),(21,10,994),(45,10,995),(50,10,996),(55,10,997),(61,10,998),(62,10,999),(73,10,1000),(74,10,1001),(75,10,1002),(80,10,1003),(99,10,1004),(101,10,1005),(105,10,1006),(106,10,1007),(107,10,1008),(111,10,1009),(113,10,1010),(114,10,1011),(115,10,1012),(117,10,1013),(118,10,1014),(119,10,1015),(120,10,1016),(121,10,1017),(122,10,1018),(124,10,1019),(125,10,1020),(126,1,1021),(126,5,1022),(126,10,1023),(3,10,1024),(10,10,1025),(33,10,1026),(34,10,1027),(63,10,1028),(1,14,1029),(9,10,1030),(127,14,1031),(128,14,1032),(129,14,1033),(130,14,1034),(131,14,1035),(130,1,1036),(131,1,1037),(129,1,1038),(127,1,1039),(128,1,1040),(132,14,1041),(133,14,1042),(134,14,1043),(135,14,1044),(136,14,1045),(137,14,1046),(138,14,1047),(139,14,1048),(140,14,1049),(141,14,1050),(142,14,1051),(143,14,1052),(144,14,1053),(145,14,1054),(146,14,1055),(147,14,1056),(148,14,1057),(149,14,1058),(150,14,1059),(151,14,1060),(152,14,1061),(153,14,1062),(154,14,1063),(155,14,1064),(156,14,1065),(157,14,1066),(158,14,1067),(159,14,1068),(160,14,1069),(161,14,1070),(162,14,1071),(163,14,1072),(164,14,1073),(165,14,1074),(166,14,1075),(167,14,1076),(134,1,1077),(154,1,1078),(151,1,1079),(147,1,1080),(150,1,1081),(149,1,1082),(157,1,1083),(163,1,1084),(136,1,1085),(139,1,1086),(159,1,1087),(167,1,1088),(142,1,1089),(133,1,1090),(144,1,1091),(166,1,1092),(165,1,1093),(160,1,1094),(152,1,1095),(156,1,1096),(153,1,1097),(135,1,1098),(158,1,1099),(155,1,1100),(161,1,1101),(148,1,1102),(145,1,1103),(132,1,1104),(138,1,1105),(164,1,1106),(141,1,1107),(140,1,1108),(143,1,1109),(137,1,1110),(162,1,1111),(146,1,1112),(168,14,1113),(169,14,1114),(170,14,1115),(171,14,1116),(172,14,1117),(173,14,1118),(174,14,1119),(175,14,1120),(176,14,1121),(177,14,1122),(178,14,1123),(179,14,1124),(180,14,1125),(168,1,1126),(169,1,1127),(175,1,1128),(179,1,1129),(173,1,1130),(177,1,1131),(170,1,1132),(174,1,1133),(176,1,1134),(180,1,1135),(171,1,1136),(178,1,1137),(172,1,1138),(181,14,1139),(182,14,1140),(183,14,1141),(184,14,1142),(185,14,1143),(186,14,1144),(187,14,1145),(188,14,1146),(189,14,1147),(190,14,1148),(191,14,1149),(192,14,1150),(193,14,1151),(194,14,1152),(195,14,1153),(196,14,1154),(197,14,1155),(197,10,1156),(198,14,1157),(199,14,1158),(200,14,1159),(201,14,1160),(202,14,1161),(203,14,1162),(204,14,1163),(205,14,1164),(206,14,1165),(207,14,1166),(208,10,1167),(209,10,1168),(210,10,1169),(211,10,1170),(212,20,1171),(213,21,1172),(214,8,1173),(215,21,1174),(216,21,1175),(217,21,1176),(211,14,1177),(209,14,1178),(214,14,1179),(210,14,1180),(208,14,1181),(215,14,1182),(216,14,1183),(217,14,1184),(212,14,1185),(213,14,1186),(218,22,1187),(219,8,1188),(220,20,1189),(221,21,1190),(222,8,1191),(223,8,1192),(224,8,1193),(225,8,1194),(226,23,1195),(227,23,1196),(228,16,1197),(229,24,1198),(230,24,1199),(231,24,1200),(232,24,1201),(233,24,1202),(234,24,1203),(235,24,1204),(236,12,1205),(237,2,1206),(238,2,1207),(239,2,1208),(240,7,1209),(241,2,1210),(242,6,1211),(243,7,1212),(244,2,1213),(245,2,1214),(246,25,1215),(237,14,1216),(236,14,1217),(230,14,1218),(231,14,1219),(229,14,1220),(241,14,1221),(235,14,1222),(233,14,1223),(234,14,1224),(225,14,1225),(245,14,1226),(242,14,1227),(239,14,1228),(246,14,1229),(222,14,1230),(228,14,1231),(244,14,1232),(220,14,1233),(227,14,1234),(221,14,1235),(232,14,1236),(226,14,1237),(218,14,1238),(224,14,1239),(240,14,1240),(219,14,1241),(243,14,1242),(223,14,1243),(238,14,1244),(247,26,1245),(248,26,1246),(249,3,1247),(250,6,1248),(251,6,1249),(252,27,1250),(253,12,1251),(254,14,1252),(255,9,1253),(170,6,1254),(169,6,1255),(170,8,1256),(169,8,1257),(169,3,1258),(170,3,1259),(248,6,1260),(247,6,1261),(168,6,1262),(209,6,1263),(210,6,1264),(147,6,1265),(179,6,1266),(185,6,1267),(249,6,1268),(245,6,1269),(139,6,1270),(127,6,1271),(167,6,1272),(173,6,1273),(129,6,1274),(252,6,1275),(135,6,1276),(100,6,1277),(232,6,1278),(158,6,1279),(217,6,1280),(216,6,1281),(161,6,1282),(148,6,1283),(30,6,1284),(43,6,1285),(18,6,1286),(178,6,1287),(27,6,1288),(13,6,1289),(11,6,1290),(180,6,1291),(138,6,1292),(243,6,1293),(141,6,1294),(140,6,1295),(143,6,1296),(107,6,1297),(189,6,1298),(190,6,1299),(213,6,1300),(212,6,1301),(186,6,1302),(146,6,1303),(82,6,1304),(256,6,1305),(250,14,1306),(249,14,1307),(253,14,1308),(247,14,1309),(248,14,1310),(255,14,1311),(256,14,1312),(252,14,1313),(251,14,1314),(211,1,1315),(241,1,1316),(250,1,1317),(230,1,1318),(229,1,1319),(231,1,1320),(248,1,1321),(247,1,1322),(236,1,1323),(208,1,1324),(181,1,1325),(235,1,1326),(239,1,1327),(253,1,1328),(182,1,1329),(209,1,1330),(225,1,1331),(206,1,1332),(192,1,1333),(194,1,1334),(210,1,1335),(255,1,1336),(233,1,1337),(183,1,1338),(214,1,1339),(193,1,1340),(198,1,1341),(200,1,1342),(196,1,1343),(204,1,1344),(201,1,1345),(205,1,1346),(199,1,1347),(202,1,1348),(234,1,1349),(185,1,1350),(195,1,1351),(184,1,1352),(249,1,1353),(245,1,1354),(187,1,1355),(242,1,1356),(244,1,1357),(246,1,1358),(228,1,1359),(222,1,1360),(220,1,1361),(227,1,1362),(215,1,1363),(221,1,1364),(218,1,1365),(219,1,1366),(256,1,1367),(240,1,1368),(251,1,1369),(252,1,1370),(197,1,1371),(203,1,1372),(232,1,1373),(216,1,1374),(217,1,1375),(226,1,1376),(224,1,1377),(223,1,1378),(243,1,1379),(238,1,1380),(188,1,1381),(189,1,1382),(186,1,1383),(190,1,1384),(212,1,1385),(213,1,1386),(254,1,1387),(207,1,1388),(191,1,1389),(257,6,1390),(257,14,1391),(257,1,1392),(257,3,1393),(129,3,1394),(257,2,1395),(237,1,1396),(126,14,1397),(258,12,1398),(259,2,1400),(260,2,1402),(130,5,1403),(230,5,1404),(237,5,1405),(229,5,1406),(211,5,1407),(250,5,1408),(241,5,1409),(231,5,1410),(248,5,1411),(258,5,1412),(247,5,1413),(168,5,1414),(236,5,1415),(208,5,1416),(149,5,1417),(150,5,1418),(235,5,1419),(151,5,1420),(239,5,1421),(181,5,1422),(253,5,1423),(154,5,1424),(182,5,1425),(209,5,1426),(225,5,1427),(206,5,1428),(192,5,1429),(210,5,1430),(147,5,1431),(255,5,1432),(134,5,1433),(194,5,1434),(233,5,1435),(157,5,1436),(163,5,1437),(183,5,1438),(214,5,1439),(136,5,1440),(179,5,1441),(193,5,1442),(198,5,1443),(200,5,1444),(196,5,1445),(204,5,1446),(205,5,1447),(201,5,1448),(202,5,1449),(199,5,1450),(234,5,1451),(185,5,1452),(195,5,1453),(184,5,1454),(249,5,1455),(245,5,1456),(175,5,1457),(187,5,1458),(242,5,1459),(244,5,1460),(246,5,1461),(177,5,1462),(139,5,1463),(169,5,1464),(170,5,1465),(159,5,1466),(228,5,1467),(222,5,1468),(220,5,1469),(128,5,1470),(227,5,1471),(167,5,1472),(215,5,1473),(221,5,1474),(127,5,1475),(218,5,1476),(219,5,1477),(173,5,1478),(142,5,1479),(129,5,1480),(257,5,1481),(256,5,1482),(240,5,1483),(252,5,1484),(133,5,1485),(144,5,1486),(131,5,1487),(166,5,1488),(165,5,1489),(160,5,1490),(152,5,1491),(156,5,1492),(153,5,1493),(251,5,1494),(135,5,1495),(197,5,1496),(171,5,1497),(232,5,1498),(203,5,1499),(158,5,1500),(155,5,1501),(216,5,1502),(217,5,1503),(161,5,1504),(148,5,1505),(145,5,1506),(259,5,1507),(132,5,1508),(226,5,1509),(178,5,1510),(260,5,1511),(180,5,1512),(224,5,1513),(223,5,1514),(138,5,1515),(164,5,1516),(243,5,1517),(238,5,1518),(141,5,1519),(140,5,1520),(143,5,1521),(172,5,1522),(174,5,1523),(188,5,1524),(176,5,1525),(189,5,1526),(190,5,1527),(137,5,1528),(186,5,1529),(212,5,1530),(213,5,1531),(254,5,1532),(162,5,1533),(207,5,1534),(191,5,1535),(146,5,1536),(260,14,1537),(259,14,1538),(258,14,1539),(259,1,1540),(260,1,1541),(258,1,1542),(261,7,1543),(261,5,1544),(237,12,1546),(85,12,1547),(241,12,1548),(231,12,1549),(248,12,1550),(246,12,1551),(244,12,1552),(170,12,1553),(169,12,1554),(139,12,1555),(177,12,1556),(67,12,1557),(65,12,1558),(126,12,1559),(262,12,1561),(132,12,1562),(30,12,1563),(41,12,1564),(261,12,1565),(40,12,1566),(18,12,1567),(117,12,1568),(44,12,1569),(118,12,1570),(226,12,1571),(31,12,1572),(49,12,1573),(27,12,1574),(34,12,1575),(89,12,1576),(81,12,1577),(191,12,1578),(146,12,1579),(82,12,1580),(76,12,1581),(116,12,1582),(213,12,1583),(212,12,1584),(238,7,1585),(238,8,1586),(238,12,1587),(238,23,1588),(252,28,1589),(37,28,1590),(43,28,1591),(54,28,1592),(66,28,1593),(82,28,1594),(103,28,1595),(224,28,1596),(212,28,1597),(220,28,1598),(262,14,1599),(261,14,1600),(263,9,1601),(264,12,1602),(206,6,1603),(263,1,1604),(261,1,1605),(264,1,1606),(262,1,1607),(260,10,1608),(259,10,1609),(263,14,1610),(264,14,1611),(237,17,1612),(266,6,1613),(266,14,1614),(266,1,1615),(266,5,1616),(266,13,1617),(266,3,1618),(266,6,1619),(266,8,1620),(266,9,1621),(266,7,1622),(266,2,1623),(266,4,1624),(266,26,1625),(257,8,1626),(267,6,1627),(267,14,1628),(267,1,1629),(267,13,1630),(267,3,1631),(267,6,1632),(267,8,1633),(267,9,1634),(267,7,1635),(267,2,1636),(267,4,1637),(267,26,1638),(268,14,1745),(268,1,1746),(268,5,1747),(268,3,1748),(268,6,1749),(268,8,1750),(268,9,1751),(268,7,1752),(268,2,1753),(268,25,1754),(268,26,1755),(197,12,1756),(12,15,1757),(237,15,1758),(250,15,1759),(229,15,1760),(130,15,1761),(230,15,1762),(211,15,1763),(85,15,1764),(241,15,1765),(231,15,1766),(247,15,1767),(168,15,1768),(258,15,1769),(248,15,1770),(236,15,1771),(150,15,1772),(235,15,1773),(151,15,1774),(84,15,1775),(208,15,1776),(149,15,1777),(181,15,1778),(182,15,1779),(253,15,1780),(154,15,1781),(209,15,1782),(239,15,1783),(225,15,1784),(206,15,1785),(83,15,1786),(192,15,1787),(210,15,1788),(147,15,1789),(163,15,1790),(233,15,1791),(194,15,1792),(157,15,1793),(255,15,1794),(134,15,1795),(193,15,1796),(214,15,1797),(136,15,1798),(198,15,1799),(179,15,1800),(183,15,1801),(201,15,1802),(202,15,1803),(204,15,1804),(200,15,1805),(205,15,1806),(196,15,1807),(195,15,1808),(185,15,1809),(234,15,1810),(184,15,1811),(199,15,1812),(249,15,1813),(175,15,1814),(242,15,1815),(246,15,1816),(244,15,1817),(245,15,1818),(187,15,1819),(177,15,1820),(139,15,1821),(169,15,1822),(2,15,1823),(170,15,1824),(227,15,1825),(128,15,1826),(220,15,1827),(159,15,1828),(222,15,1829),(228,15,1830),(215,15,1831),(221,15,1832),(167,15,1833),(74,15,1834),(127,15,1835),(218,15,1836),(219,15,1837),(105,15,1838),(28,15,1839),(142,15,1840),(110,15,1841),(173,15,1842),(115,15,1843),(5,15,1844),(21,15,1845),(114,15,1846),(19,15,1847),(103,15,1848),(113,15,1849),(104,15,1850),(106,15,1851),(23,15,1852),(112,15,1853),(108,15,1854),(54,15,1855),(29,15,1856),(129,15,1857),(268,15,1858),(87,15,1859),(20,15,1860),(93,15,1861),(257,15,1862),(267,15,1863),(96,15,1864),(266,15,1865),(95,15,1866),(97,15,1867),(256,15,1868),(92,15,1869),(91,15,1870),(98,15,1871),(119,15,1872),(90,15,1873),(88,15,1874),(86,15,1875),(240,15,1876),(94,15,1877),(252,15,1878),(133,15,1879),(144,15,1880),(131,15,1881),(166,15,1882),(165,15,1883),(160,15,1884),(152,15,1885),(156,15,1886),(153,15,1887),(197,15,1888),(101,15,1889),(100,15,1890),(135,15,1891),(251,15,1892),(102,15,1893),(158,15,1894),(203,15,1895),(232,15,1896),(171,15,1897),(1,15,1898),(7,15,1899),(216,15,1900),(99,15,1901),(4,15,1902),(217,15,1903),(161,15,1904),(155,15,1905),(125,15,1906),(69,15,1907),(148,15,1908),(145,15,1909),(124,15,1910),(111,15,1911),(56,15,1912),(73,15,1913),(66,15,1914),(72,15,1915),(71,15,1916),(70,15,1917),(263,15,1918),(259,15,1919),(68,15,1920),(65,15,1921),(262,15,1922),(57,15,1923),(55,15,1924),(64,15,1925),(62,15,1926),(61,15,1927),(58,15,1928),(126,15,1929),(67,15,1930),(59,15,1931),(48,15,1932),(109,15,1933),(35,15,1934),(39,15,1935),(60,15,1936),(121,15,1937),(36,15,1938),(132,15,1939),(123,15,1940),(43,15,1941),(17,15,1942),(30,15,1943),(41,15,1944),(6,15,1945),(26,15,1946),(42,15,1947),(10,15,1948),(9,15,1949),(261,15,1950),(45,15,1951),(226,15,1952),(53,15,1953),(16,15,1954),(44,15,1955),(40,15,1956),(8,15,1957),(117,15,1958),(24,15,1959),(120,15,1960),(118,15,1961),(25,15,1962),(27,15,1963),(49,15,1964),(178,15,1965),(31,15,1966),(32,15,1967),(18,15,1968),(15,15,1969),(22,15,1970),(11,15,1971),(13,15,1972),(33,15,1973),(264,15,1974),(34,15,1975),(47,15,1976),(14,15,1977),(38,15,1978),(46,15,1979),(37,15,1980),(52,15,1981),(3,15,1982),(122,15,1983),(79,15,1984),(50,15,1985),(51,15,1986),(260,15,1987),(180,15,1988),(243,15,1989),(224,15,1990),(164,15,1991),(223,15,1992),(138,15,1993),(238,15,1994),(77,15,1995),(80,15,1996),(143,15,1997),(107,15,1998),(141,15,1999),(140,15,2000),(172,15,2001),(189,15,2002),(176,15,2003),(190,15,2004),(188,15,2005),(137,15,2006),(174,15,2007),(186,15,2008),(212,15,2009),(76,15,2010),(63,15,2011),(254,15,2012),(213,15,2013),(162,15,2014),(82,15,2015),(81,15,2016),(89,15,2017),(207,15,2018),(146,15,2019),(191,15,2020),(75,15,2021),(78,15,2022),(116,15,2023),(269,12,2024),(269,23,2025),(270,12,2026),(270,23,2027),(270,14,2028),(270,1,2029),(270,5,2030),(270,24,2031),(261,29,2032),(259,29,2033),(260,29,2034),(237,9,2035),(211,9,2036),(250,9,2037),(85,9,2038),(130,9,2039),(229,9,2040),(230,9,2041),(241,9,2042),(231,9,2043),(248,9,2044),(258,9,2045),(247,9,2046),(168,9,2047),(236,9,2048),(208,9,2049),(84,9,2050),(149,9,2051),(150,9,2052),(235,9,2053),(151,9,2054),(239,9,2055),(181,9,2056),(253,9,2057),(154,9,2058),(182,9,2059),(209,9,2060),(225,9,2061),(206,9,2062),(192,9,2063),(210,9,2064),(194,9,2065),(147,9,2066),(83,9,2067),(134,9,2068),(233,9,2069),(157,9,2070),(163,9,2071),(183,9,2072),(214,9,2073),(136,9,2074),(179,9,2075),(193,9,2076),(198,9,2077),(200,9,2078),(196,9,2079),(204,9,2080),(205,9,2081),(201,9,2082),(202,9,2083),(199,9,2084),(234,9,2085),(185,9,2086),(195,9,2087),(184,9,2088),(249,9,2089),(245,9,2090),(175,9,2091),(187,9,2092),(242,9,2093),(244,9,2094),(246,9,2095),(177,9,2096),(139,9,2097),(169,9,2098),(170,9,2099),(159,9,2100),(270,9,2101),(228,9,2102),(222,9,2103),(220,9,2104),(128,9,2105),(227,9,2106),(215,9,2107),(221,9,2108),(127,9,2109),(167,9,2110),(218,9,2111),(219,9,2112),(173,9,2113),(142,9,2114),(110,9,2115),(105,9,2116),(115,9,2117),(19,9,2118),(114,9,2119),(104,9,2120),(106,9,2121),(23,9,2122),(108,9,2123),(54,9,2124),(29,9,2125),(269,9,2126),(129,9,2127),(20,9,2128),(87,9,2129),(93,9,2130),(257,9,2131),(256,9,2132),(92,9,2133),(95,9,2134),(96,9,2135),(97,9,2136),(90,9,2137),(86,9,2138),(98,9,2139),(88,9,2140),(91,9,2141),(94,9,2142),(240,9,2143),(252,9,2144),(133,9,2145),(144,9,2146),(131,9,2147),(166,9,2148),(165,9,2149),(160,9,2150),(152,9,2151),(156,9,2152),(153,9,2153),(251,9,2154),(135,9,2155),(100,9,2156),(197,9,2157),(102,9,2158),(1,9,2159),(171,9,2160),(232,9,2161),(203,9,2162),(158,9,2163),(155,9,2164),(216,9,2165),(217,9,2166),(161,9,2167),(148,9,2168),(145,9,2169),(69,9,2170),(72,9,2171),(71,9,2172),(70,9,2173),(259,9,2174),(262,9,2175),(126,9,2176),(64,9,2177),(39,9,2178),(48,9,2179),(43,9,2180),(123,9,2181),(132,9,2182),(30,9,2183),(41,9,2184),(42,9,2185),(26,9,2186),(6,9,2187),(261,9,2188),(226,9,2189),(117,9,2190),(44,9,2191),(118,9,2192),(18,9,2193),(178,9,2194),(32,9,2195),(31,9,2196),(49,9,2197),(27,9,2198),(15,9,2199),(264,9,2200),(22,9,2201),(11,9,2202),(34,9,2203),(37,9,2204),(38,9,2205),(12,9,2206),(47,9,2207),(260,9,2208),(46,9,2209),(50,9,2210),(79,9,2211),(180,9,2212),(224,9,2213),(223,9,2214),(138,9,2215),(164,9,2216),(243,9,2217),(238,9,2218),(143,9,2219),(77,9,2220),(141,9,2221),(140,9,2222),(107,9,2223),(172,9,2224),(174,9,2225),(188,9,2226),(176,9,2227),(189,9,2228),(190,9,2229),(137,9,2230),(186,9,2231),(212,9,2232),(213,9,2233),(254,9,2234),(63,9,2235),(162,9,2236),(207,9,2237),(191,9,2238),(146,9,2239),(82,9,2240),(89,9,2241),(81,9,2242),(116,9,2243),(78,9,2244),(57,29,2245),(264,5,2286),(262,5,2287),(263,5,2288),(267,5,2289),(269,5,2290),(146,3,2291),(197,16,2292),(2,16,2293),(100,16,2294),(4,16,2295),(126,16,2296),(61,16,2297),(146,16,2298),(75,16,2299),(19,16,2300),(55,16,2301),(13,16,2302),(146,13,2303),(146,23,2304),(2,23,2305),(111,23,2306),(55,27,2307),(146,27,2308),(2,27,2309),(55,22,2310),(2,22,2311),(146,22,2312),(146,10,2313),(258,23,2314),(253,23,2315),(225,23,2316),(4,23,2317),(124,23,2318),(55,23,2319),(59,23,2320),(60,23,2321),(120,23,2322),(24,23,2323),(13,23,2324),(80,23,2325),(75,23,2326),(108,3,2327),(256,3,2328),(232,3,2329),(72,3,2330),(55,3,2331),(42,3,2332),(40,3,2333),(226,3,2334),(55,6,2335),(146,8,2336),(218,8,2337),(59,8,2338),(60,8,2339),(39,8,2340),(24,8,2341),(120,8,2342),(52,8,2343),(146,7,2344),(263,7,2345),(259,7,2346),(262,7,2347),(126,7,2348),(67,7,2349),(132,7,2350),(237,7,2351),(211,7,2352),(241,7,2353),(239,7,2354),(181,7,2355),(209,7,2356),(233,7,2357),(244,7,2358),(246,7,2359),(177,7,2360),(228,7,2361),(27,7,2362),(260,7,2363),(174,7,2364),(188,7,2365),(27,3,2366),(27,10,2367),(27,16,2368),(27,23,2369),(146,20,2370),(2,20,2371),(111,20,2372),(222,20,2373),(103,20,2374),(112,20,2375),(54,20,2376),(252,20,2377),(240,20,2378),(66,20,2379),(65,20,2380),(55,20,2381),(43,20,2382),(120,20,2383),(47,20,2384),(52,20,2385),(2,21,2386),(55,21,2387),(146,21,2388),(110,21,2389),(46,21,2390),(51,21,2391),(2,24,2392),(55,24,2393),(146,24,2394),(182,24,2395),(194,24,2396),(183,24,2397),(193,24,2398),(198,24,2399),(200,24,2400),(196,24,2401),(204,24,2402),(205,24,2403),(201,24,2404),(202,24,2405),(195,24,2406),(184,24,2407),(13,24,2408),(211,2,2409),(146,2,2410),(209,2,2411),(177,2,2412),(197,2,2413),(262,2,2414),(126,2,2415),(132,2,2416),(261,2,2417),(107,2,2418),(63,2,2419),(146,25,2420),(55,25,2421),(2,25,2422),(263,25,2423),(61,25,2424),(75,25,2425),(146,11,2426),(2,4,2427),(55,4,2428),(146,4,2429),(24,4,2430),(18,4,2431),(124,4,2432),(40,4,2433),(203,4,2434),(35,4,2435),(2,29,2436),(55,29,2437),(146,29,2438),(233,29,2439),(237,29,2440),(182,29,2441),(136,29,2442),(244,29,2443),(246,29,2444),(28,29,2445),(133,29,2446),(61,29,2447),(27,29,2448),(13,29,2449),(146,28,2450),(111,28,2451),(2,28,2452),(100,2,2453),(271,15,2454),(271,17,2455),(271,15,2456),(271,14,2457),(271,1,2458),(271,5,2459),(271,13,2460),(271,3,2461),(271,6,2462),(271,8,2463),(271,9,2464),(271,7,2465),(271,2,2466),(271,25,2467),(271,29,2468),(272,15,2469),(272,17,2470),(272,15,2471),(272,27,2472),(272,14,2473),(272,1,2474),(272,5,2475),(272,13,2476),(272,3,2477),(272,6,2478),(272,8,2479),(272,9,2480),(272,7,2481),(272,2,2482),(272,25,2483),(272,29,2484),(269,14,2485),(273,14,2486),(273,17,2487),(273,15,2488),(273,14,2489),(273,1,2490),(273,5,2491),(273,3,2492),(273,6,2493),(274,8,2494),(274,17,2495),(274,23,2496),(274,22,2497),(274,14,2498),(274,1,2499),(274,5,2500),(274,8,2501),(274,20,2502),(274,21,2503),(274,24,2504),(274,25,2505),(275,8,2506),(275,17,2507),(275,22,2508),(275,14,2509),(275,1,2510),(275,5,2511),(275,8,2512),(275,20,2513),(275,21,2514),(275,24,2515),(275,25,2516),(276,14,2517),(276,17,2518),(276,23,2519),(276,15,2520),(276,27,2521),(276,22,2522),(276,14,2523),(276,16,2524),(276,1,2525),(276,10,2526),(276,5,2527),(276,13,2528),(276,3,2529),(276,6,2530),(276,8,2531),(276,9,2532),(276,7,2533),(276,20,2534),(276,21,2535),(276,24,2536),(276,12,2537),(276,2,2538),(276,25,2539),(276,4,2541),(276,19,2542),(276,29,2543),(276,26,2544),(276,28,2545),(104,16,2546),(106,16,2547),(56,29,2548),(262,29,2549),(58,29,2550),(59,29,2551),(132,29,2552),(118,29,2553),(277,14,2554),(277,17,2555),(277,23,2556),(277,15,2557),(277,27,2558),(277,22,2559),(277,14,2560),(277,16,2561),(277,1,2562),(277,10,2563),(277,5,2564),(277,13,2565),(277,3,2566),(277,6,2567),(277,8,2568),(277,9,2569),(277,7,2570),(277,20,2571),(277,21,2572),(277,24,2573),(277,12,2574),(277,2,2575),(277,25,2576),(277,4,2578),(277,19,2579),(277,29,2580),(277,26,2581),(277,28,2582),(278,9,2583),(278,17,2584),(278,23,2585),(278,15,2586),(278,27,2587),(278,22,2588),(278,14,2589),(278,16,2590),(278,1,2591),(278,10,2592),(278,5,2593),(278,13,2594),(278,6,2596),(278,8,2597),(278,9,2598),(278,7,2599),(278,20,2600),(278,21,2601),(278,24,2602),(278,12,2603),(278,2,2604),(278,25,2605),(278,4,2607),(278,19,2608),(278,29,2609),(278,26,2610),(278,28,2611),(237,6,2612),(85,6,2613),(258,6,2614),(231,6,2615),(241,6,2616),(230,6,2617),(229,6,2618),(211,6,2619),(236,6,2620),(239,6,2621),(181,6,2622),(225,6,2623),(194,6,2624),(233,6,2625),(183,6,2626),(214,6,2627),(193,6,2628),(201,6,2629),(200,6,2630),(198,6,2631),(205,6,2632),(196,6,2633),(204,6,2634),(202,6,2635),(199,6,2636),(234,6,2637),(195,6,2638),(184,6,2639),(175,6,2640),(177,6,2641),(244,6,2642),(246,6,2643),(228,6,2644),(105,6,2645),(28,6,2646),(103,6,2647),(106,6,2648),(108,6,2649),(240,6,2650),(269,6,2651),(104,6,2652),(112,6,2653),(131,6,2654),(197,6,2655),(203,6,2656),(72,6,2657),(71,6,2658),(56,6,2659),(259,6,2660),(57,6,2661),(59,6,2662),(262,6,2663),(61,6,2664),(58,6,2665),(126,6,2666),(64,6,2667),(60,6,2668),(109,6,2669),(35,6,2670),(39,6,2671),(36,6,2672),(132,6,2673),(42,6,2674),(53,6,2675),(226,6,2676),(261,6,2677),(40,6,2678),(45,6,2679),(24,6,2680),(264,6,2681),(37,6,2682),(33,6,2683),(38,6,2684),(46,6,2685),(34,6,2686),(47,6,2687),(52,6,2688),(260,6,2689),(51,6,2690),(223,6,2691),(238,6,2692),(80,6,2693),(164,6,2694),(224,6,2695),(137,6,2696),(176,6,2697),(174,6,2698),(188,6,2699),(219,6,2700),(19,6,2701),(110,6,2702),(21,4,2703),(29,4,2704),(129,4,2705),(268,4,2706),(95,4,2707),(92,4,2708),(256,4,2709),(257,4,2710),(93,4,2711),(87,4,2712),(96,4,2713),(97,4,2714),(90,4,2715),(86,4,2716),(98,4,2717),(88,4,2718),(119,4,2719),(91,4,2720),(94,4,2721),(65,4,2722),(62,4,2723),(58,4,2724),(17,4,2725),(41,4,2726),(240,3,2727),(248,2,2728),(194,2,2729),(233,2,2730),(246,2,2731),(240,2,2732),(256,2,2733),(135,2,2734),(203,2,2735),(148,2,2736),(46,2,2737),(47,2,2738),(224,2,2739),(223,2,2740),(243,2,2741),(188,2,2742),(174,2,2743),(89,2,2744),(219,22,2745),(113,22,2746),(112,22,2747),(66,22,2748),(65,22,2749),(64,22,2750),(31,22,2751),(11,22,2752),(37,22,2753),(38,22,2754),(52,22,2755),(46,22,2756),(47,22,2757),(223,22,2758),(224,22,2759),(75,22,2760),(209,11,2761),(228,11,2762),(100,11,2763),(197,11,2764),(56,11,2765),(57,11,2766),(262,11,2767),(58,11,2768),(59,11,2769),(113,23,2770),(113,27,2771),(113,16,2772),(113,20,2773),(113,21,2774),(29,21,2775),(113,4,2776),(113,29,2777),(35,3,2778),(27,2,2779);
/*!40000 ALTER TABLE `relacion_documento_puesto` ENABLE KEYS */;
UNLOCK TABLES;

--
-- Table structure for table `tipo_documento`
--

DROP TABLE IF EXISTS `tipo_documento`;
/*!40101 SET @saved_cs_client     = @@character_set_client */;
/*!40101 SET character_set_client = utf8 */;
CREATE TABLE `tipo_documento` (
  `id_tipo` tinyint(4) NOT NULL AUTO_INCREMENT,
  `tipo_documento` varchar(20) NOT NULL,
  PRIMARY KEY (`id_tipo`)
) ENGINE=InnoDB AUTO_INCREMENT=10 DEFAULT CHARSET=latin1;
/*!40101 SET character_set_client = @saved_cs_client */;

--
-- Dumping data for table `tipo_documento`
--

LOCK TABLES `tipo_documento` WRITE;
/*!40000 ALTER TABLE `tipo_documento` DISABLE KEYS */;
INSERT INTO `tipo_documento` VALUES (1,'Procedimiento'),(2,'Instruccion'),(3,'Politica'),(4,'Formato'),(5,'Norma'),(6,'Planificacion'),(7,'Tabla'),(8,'Manual'),(9,'Registro de Calidad');
/*!40000 ALTER TABLE `tipo_documento` ENABLE KEYS */;
UNLOCK TABLES;

--
-- Table structure for table `usuarios`
--

DROP TABLE IF EXISTS `usuarios`;
/*!40101 SET @saved_cs_client     = @@character_set_client */;
/*!40101 SET character_set_client = utf8 */;
CREATE TABLE `usuarios` (
  `id_usuario` tinyint(5) NOT NULL AUTO_INCREMENT,
  `usuario` varchar(20) NOT NULL,
  `password` varchar(50) NOT NULL,
  `nombre` varchar(100) NOT NULL,
  `id_puesto` tinyint(150) NOT NULL,
  `permiso` char(1) NOT NULL,
  `no_empleado` int(9) NOT NULL,
  `envio_correo` tinyint(3) unsigned NOT NULL DEFAULT '1' COMMENT 'Si esta 1 se envia correo con 0 no',
  `correo` varchar(45) NOT NULL,
  PRIMARY KEY (`id_usuario`),
  UNIQUE KEY `usuario` (`usuario`),
  KEY `id_puesto` (`id_puesto`),
  KEY `id_puesto_2` (`id_puesto`),
  KEY `permiso` (`permiso`),
  CONSTRAINT `fk_permisos` FOREIGN KEY (`permiso`) REFERENCES `cat_permisos` (`clave_permiso`) ON UPDATE CASCADE,
  CONSTRAINT `id_puesto` FOREIGN KEY (`id_puesto`) REFERENCES `puestos` (`id_puesto`) ON UPDATE CASCADE
) ENGINE=InnoDB AUTO_INCREMENT=85 DEFAULT CHARSET=latin1;
/*!40101 SET character_set_client = @saved_cs_client */;

--
-- Dumping data for table `usuarios`
--

LOCK TABLES `usuarios` WRITE;
/*!40000 ALTER TABLE `usuarios` DISABLE KEYS */;
INSERT INTO `usuarios` VALUES (4,'administrador','0b7dbad731ed4185335644ff349430fd','Administrador',1,'A',0,1,'jrosales@transportespitic.com.mx'),(6,'jrosales','a281d3570aaa51c8122f310fc5853ad1','Julian Rosales',1,'A',4658,1,'jrosales@transportespitic.com.mx'),(7,'msanchez','41a0431c46e3009613b088a20889a8da','Martha Sanchez',10,'W',1480,1,'msanchez@transportespitic.com.mx'),(8,'vurias','991395872e1794169ec7369ca5349ba1','Victor Urias',6,'W',1780,1,'vurias@transportespitic.com.mx'),(10,'zantunez','37ac8968c32d56f2c4915217ad08fecc','Zoraya Antunez',2,'W',2159,1,'zantunez@transportespitic.com.mx'),(11,'hchapa','b667ddc4f4c560baf9990bda3636d659','Hector Chapa',8,'R',9999,1,'hchapa@transportespitic.com.mx'),(12,'fmoreno','fb63721ad0d78a5c677bc5b16957f295','Francisco Moreno',5,'W',7817,1,'fmoreno@transportespitic.com.mx'),(13,'jbriceno','a7b8b9c080e28e0e9743fa595325485b','Juan Carlos Briceno',7,'W',7251,1,'jbriceno@transportespitic.com.mx'),(16,'macons','d514537b23de0bcaaeafcb1c6369e560','Martin Cons',5,'W',3794,1,'macons@transportespitic.com.mx'),(18,'fsalazar','5c4d1b6fd7b592abbf08d33fbd0b2c67','Francisco Salazar',5,'W',3378,1,'fsalazar@transportespitic.com.mx'),(19,'cagarcia','c5025efb3ab13b693cc014a1853744e1','Christian Garcia',3,'R',5741,1,'cagarcia@transportespitic.com.mx'),(21,'lgalvan','dcaf000bc340be17177ebbe7ea3d29b7','Lluvia Galvan',2,'W',5890,1,'lgalvan@transportespitic.com.mx'),(22,'pbaldenegro','b1d11cd3c96ab9a58eea9be2d6adfabf','Pablo Baldenegro',9,'W',2921,1,'pbaldenegro@transportespitic.com.mx'),(23,'gpalomares','7053c74d95c7c614a51569462947a081','Gilberto Palomares',5,'W',1778,1,'gpalomares@tpitic.com.mx'),(24,'mrios','b25c06a4516de6e35b5430c2c4c476a0','Maria del Rocio Rios Frayre',28,'W',5987,1,'mrios@transportespitic.com.mx'),(25,'ggonzalez','02eaaf07f643b329efa780f82193edd7','Gilberto Gonzalez',8,'W',3505,1,'ggonzalez@transportespitic.com.mx'),(28,'avalencia','68da9eb4b17eedb1b478fc766f6e41d2','Adriana Valencia Perez',2,'W',8338,1,'avalencia@transportespitic.com.mx'),(30,'kbaltazar','76dc47e03111b6ccf9a49913ef68fd5c','Karla Baltazar',2,'W',2409,1,'kbaltazar@transportespitic.com.mx'),(31,'dochoa','7299ea63ec6586aaf0c2a4dba0d62756','Dulce Ochoa',13,'R',5150,1,'dochoa@transportespitic.com.mx'),(32,'ddanzos','9b0f0c5c16e7fcf594fcb3d44a2011c0','Diana Danzos',5,'R',4611,1,'danzos@transportespitic.com.mx'),(33,'cquijada','467cc425f7e2c5fb252ed72a5d3278da','Christian Quijada',15,'R',4281,1,'cquijada@transportespitic.com.mx'),(34,'guvalenzuela','7bca31227595d478404ab8b686426cbf','Guadalupe Valenzuela',29,'R',7106,1,'guvalenzuela@transportespitic.com.mx'),(36,'ginzunza','58a721fb3354a2172168c29b2c5ec758','Gladys Inzunza',14,'A',5234,1,'glam@transportespitic.com.mx'),(37,'amoreno','6048d5b12bf88acb56bce1a5312458b3','Aurora Moreno',5,'W',961,1,'amoreno@transportespitic.com.mx'),(38,'baguilar','aa5d8e213f55b60e554ba908518f4a9b','Diblathain Barnes',14,'W',7924,1,'baguilar@tpitic.com.mx'),(39,'manunez','bf7131c2a35f9344e6b068a4d41625f6','Miguel Aaron Nuñez',12,'W',8621,1,'manunez@tpitic.com.mx'),(40,'mteran','66f8d4568bed9bdf6377c174f30eb412','Manuel de Jesus Teran Rosas',24,'R',3930,1,'mteran@tpitic.com.mx'),(41,'molivarria','f10b80ceb200c27026696c0dff39ab2e','Marisela Olivarria',16,'R',254,1,'molivarria@tpitic.com.mx'),(42,'jgalvez','407e737fa0421d9a0b94e48c6f8ae523','Jose Manuel Galvez',29,'R',8100,1,'jgalvez@tpitic.com.mx'),(43,'rjaimes','77c8c6341975abfb6322432a5dc8d41a','Ricardo Jaimes',5,'W',8661,1,'rjaimes@tpitic.com.mx'),(44,'dquintero','e7b0316714200e596b7f5eaf861e1d33','David Mario Quintero',29,'R',7880,1,'dquintero@tpitic.com.mx'),(45,'nescobar','2bd2f9de8e1f0a2a3fc412e00a207f63','Natalia Escobar',29,'R',7114,1,'nescobar@tpitic.com.mx'),(46,'pruebas','da20fbbf72d2299e45a734312624d8ac','Usuario De Prueba',19,'W',1,1,'jrosales@tpitic.com.mx'),(47,'jloredo','409a9fd2b7a6d37d4222fc1164d6b000','Jazmin Guadalupe Loredo Quihuis',3,'R',4362,1,'jloredo@tpitic.com.mx'),(48,'jmolina','760925314994d4882c463615871fb7bd','Jose Ricardo Molina Olivas',4,'R',4624,1,'jmolina@tpitic.com.mx'),(49,'gtorres','09d6128048fce932e946ca68017fe110','Guillermo Torres Encinas',4,'R',2341,1,'gtorres@tpitic.com.mx'),(50,'slchavez','473f73a9a60c934c287572fd9d831dc1','Sandra Lucia Chavez Rangel',29,'R',7193,1,'slchavez@tpitic.com.mx'),(51,'jbustamante','bee4ff67cb51f43197c12612c38a038b','Jesus Daniel Bustamante Castro',5,'R',8810,1,'jbustamante@tpitic.com.mx'),(52,'cleon','31f1f75d1b8136dcab890d203f99173f','Cinthya Leon Fernandez',29,'R',8882,1,'cleon@tpitic.com.mx'),(53,'jortiz','1cb9ebc67f9026061cfccfa55390faec','Jesus Noe Chaira Ortiz',29,'R',8224,1,'jortiz@tpitic.com.mx'),(54,'acota','52f1e6f7965e0124744da15625f02375','Alex Ivan Cota Rembau',28,'R',1839,1,'acota@tpitic.com.mx'),(55,'dperez','916bd9c1de4e8106696b71d22fb004f5','Diana Perez Yera Herrera',29,'R',8924,1,'dperez@tpitic.com.mx'),(56,'jogomez','74f00bca0a867337df30011648b8abf0','Joel Adrian Gomez Hernandez',22,'R',8462,1,'jogomez@tpitic.com.mx'),(58,'rulopez','56b369780b069ad28b99df4c73e3bd9c','Rufino Lopez Angulo',22,'R',8764,1,'rulopez@tpitic.com.mx'),(59,'aflores','49d359d468d3084962fa6718dc2d82a7','Carlos Armando Flores Ripalda',27,'R',6010,1,'aflores@tpitic.com.mx'),(60,'fgriego','ee8c0d33459b87394a3df5e9198ff31f','Francisco Ivan Griego Serrano',22,'R',8063,1,'fgriego@tpitic.com.mx'),(61,'lluna','fc5c9aef8f46a589facaf8ec2429b9f9','Maria Guadalupe Luna Alvarez',22,'R',3310,1,'lluna@tpitic.com.mx'),(62,'kmontoya','f290b35483f356194ecffdd9860e945b','Nora Karolina Montoya Perez',22,'R',8396,1,'kmontoya@tpitic.com.mx'),(63,'bdromero','7e3fb7d9424b6dd0add66667f5f60012','Brandon Enrique Romero Garcia',23,'R',7891,1,'bdromero@tpitic.com.mx'),(64,'ichacon','ebc202fa119fe5dee3b687f91c8349a0','Irving Ramses Chacon Gutierrez',22,'R',8434,1,'ichacon@tpitic.com.mx'),(65,'darias','8e308c435dadbdacdd80a7745f2da203','Diego Armando Arias Mendoza',3,'R',7902,1,'darias@tpitic.com.mx'),(66,'asolano','e58d3882f9ed921ba76605e29a84fbfa','Aaron Solano Gracia',3,'R',7145,1,'asolano@tpitic.com.mx'),(67,'dzamora','75f42a3b0acb638818d56bc43a72f3b4','Diego Melchor Zamora Garcia',20,'R',8783,1,'dzamora@tpitic.com.mx'),(68,'dmiranda','d15b715165b05ea86189bebb6b02494e','Daniel Miranda Gonzalez',20,'R',7414,1,'dmiranda@tpitic.com.mx'),(69,'jbojorquez','dee194f995d9ae57adf5def0fff80dee','Jose Alberto Bojorquez Pesqueira',2,'R',7966,1,'jbojorquez@tpitic.com.mx'),(70,'jfcons','c78a4ec2dac1eaace1ce9139a03b9e9a','Jorge Francisco Cons Bojorquez',2,'R',8355,1,'jfcons@tpitic.com.mx'),(71,'hayala','1b4d95f4235625ac879a8d1418c41bbc','Humberto Ayala Orrantia',11,'R',7617,1,'hayala@tpitic.com.mx'),(72,'adurazo','c5abc6ced06961589f5ddbf97c6ed562','Adriana Cecilia Durazo Yanez',11,'R',7096,1,'adurazo@tpitic.com.mx'),(73,'japerez','80487d9a41c0ee5ffa52ced8d07a3c8d','Jaqueline Lopez Perez',11,'R',8676,1,'japerez@tpitic.com.mx'),(74,'kpartida','8fccba20f2cac3e8df32de5d9897c4fb','Karina Araceli Partida Salcido',11,'R',3832,1,'kpartida@tpitic.com.mx'),(75,'hurquidez','1b19e6286df275d8175b4e7e4bd92a7e','Hector Saul Urquidez Roman',4,'R',8903,1,'hurquidez@tpitic.com.mx'),(76,'hchavez','e194fa897242994f68fcbb82614f465b','Hector Eduardo Chavez Cruz',23,'R',7146,1,'hchavez@tpitic.com.mx'),(77,'lilopez','a4b1090168bd3fb94f04fcebf93f5d47','Liliana Lopez Varela',15,'W',5505,1,'lilopez@tpitic.com.mx'),(78,'fcordova','e9385287c194d986820a18a5d683bf11','Francisco Edgardo Cordova Cordova',21,'R',6595,1,'fcordova@tpitic.com.mx'),(79,'frosas','5e004c491bc210799e2deb02336b5e7a','Francisco Xavier Rosas RIvera',2,'R',6722,1,'frosas@tpitic.com.mx'),(80,'jvasquez','ff9aef2ed29dc152fbb4bc851ca46579','Jesus Maria Vasquez Lopez',3,'R',9132,1,'jrosales@tpitic.com.mx'),(81,'milopez','8e43d181b15f5cee37423513f0d92730','Miriam Janeth Lopez Gonzalez',14,'A',9248,1,'milopez@tpitic.com.mx'),(82,'cmburboa','c17eeb2584fab64fc0c73dafe56ed2ec','Misael Burboa',17,'A',1470,0,'cmburboa@tpitic.com.mx'),(83,'maflores','5b7327573dbb96300e619ef65cb86ae7','Miguel Antonio Flores Moran',14,'W',9228,1,'maflores@tpitic.com.mx'),(84,'gesquivel','558eaba49daaa4c3ab9a75a19b6c0293','Gerardo Esquivel ',28,'W',302,1,'gesquivel@tpitic.com.mx');
/*!40000 ALTER TABLE `usuarios` ENABLE KEYS */;
UNLOCK TABLES;
/*!40103 SET TIME_ZONE=@OLD_TIME_ZONE */;

/*!40101 SET SQL_MODE=@OLD_SQL_MODE */;
/*!40014 SET FOREIGN_KEY_CHECKS=@OLD_FOREIGN_KEY_CHECKS */;
/*!40014 SET UNIQUE_CHECKS=@OLD_UNIQUE_CHECKS */;
/*!40101 SET CHARACTER_SET_CLIENT=@OLD_CHARACTER_SET_CLIENT */;
/*!40101 SET CHARACTER_SET_RESULTS=@OLD_CHARACTER_SET_RESULTS */;
/*!40101 SET COLLATION_CONNECTION=@OLD_COLLATION_CONNECTION */;
/*!40111 SET SQL_NOTES=@OLD_SQL_NOTES */;

-- Dump completed on 2018-04-14 19:24:49
